Workbook

Sheet ① 使い方
A1: ラグナオンライン バランス設計シート
B3: ■ 触ってよいのは黄色のセルだけです
B4: 黄色 … あなたが書き換えるところ（③パラメータに集めてあります）
B5: 水色 … 自動計算。書き換えると数式が消えるので触らないでください
B7: ■ シートの並び
B8: ② 使い魔一覧 … 全50体の能力値とスキル。Lv1とLv10を並べています
B9: ③ パラメータ … ここだけ書き換えます。ほかのシートはここを見て計算します
B10: ④ ガチャ試算 … 最大レベルにするまでに必要な単発回数とcoin
B11: ⑤ 成長試算 … ランクごとの平均能力値を Lv1〜Lv10 で並べたもの
B12: ⑥ デッキ試算 … 合計COST20以内の編成と、その平均ステータス
B13: ⑦ AIプロンプト … 生成AIに戦闘シミュレーションを頼むための文章
B15: ■ 今回の前提
B16: ・ガチャは単発だけで計算しています（10連・保証枠は考えていません）
... B36: 能力値やスキルは data/master/ の最新の内容を読み込んでいます。

Sheet ② 使い魔一覧
A1: ② 使い魔一覧 — 能力値とスキル
A2: Lv1・Lv10の能力値は③パラメータの成長設定で変わります。「素の値」とスキルは data/master/ の値です。
A3: ※ Lv1の時点で既に1回ぶん成長しています（能力値＝素の値×(1+成長率×レベル)）。
E4: 素の値(Lv0) | H4: Lv1 | K4: Lv10 | N4: ACTIVEスキル | Q4: PASSIVEスキル
A5: 名前 | B5: ランク | C5: COST | D5: 性別 | E5: HP | F5: ATK | G5: SPD | H5: HP | I5: ATK | J5: SPD | K5: HP | L5: ATK | M5: SPD | N5: 名前 | O5: 内容 | P5: 使用回数 | Q5: 名前 | R5: 内容 | S5: 発動タイミング
A6: フェンリル | B6: S | C6: 5 | D6: 男性 | E6: 34 | F6: 11 | G6: 95 | H6: =ROUND(IF('③ パラメータ'!C34="固定",E6+'③ パラメータ'!B28*(1),E6*(1+'③ パラメータ'!D28*(1))),0) | I6: =ROUND(IF('③ パラメータ'!C34="固定",F6+'③ パラメータ'!C28*(1),F6*(1+'③ パラメータ'!E28*(1))),0) | J6: =MIN(100,G6+(INT((1-1)/'③ パラメータ'!C36)+1)*'③ パラメータ'!C35) | K6: =ROUND(IF('③ パラメータ'!C34="固定",E6+'③ パラメータ'!B28*('③ パラメータ'!C32),E6*(1+'③ パラメータ'!D28*('③ パラメータ'!C32))),0) | L6: =ROUND(IF('③ パラメータ'!C34="固定",F6+'③ パラメータ'!C28*('③ パラメータ'!C32),F6*(1+'③ パラメータ'!E28*('③ パラメータ'!C32))),0) | M6: =MIN(100,G6+(INT(('③ パラメータ'!C32-1)/'③ パラメータ'!C36)+1)*'③ パラメータ'!C35) | N6: 神喰らい | O6: 敵1体をACTIVE使用不能（1ターン）にする。 | P6: 1バトル1回 | Q6: 先駆の魔狼 | R6: 各ラウンドで初めて、まだ行動していない敵を攻撃する時、その攻撃のみATK+50%。 | S6: before_attack
A7: スルト | B7: S | C7: 5 | D7: 男性 | E7: 42 | F7: 10 | G7: 18 | H7: =ROUND(IF('③ パラメータ'!C34="固定",E7+'③ パラメータ'!B28*(1),E7*(1+'③ パラメータ'!D28*(1))),0) | I7: =ROUND(IF('③ パラメータ'!C34="固定",F7+'③ パラメータ'!C28*(1),F7*(1+'③ パラメータ'!E28*(1))),0) | J7: =MIN(100,G7+(INT((1-1)/'③ パラメータ'!C36)+1)*'③ パラメータ'!C35) | K7: =ROUND(IF('③ パラメータ'!C34="固定",E7+'③ パラメータ'!B28*('③ パラメータ'!C32),E7*(1+'③ パラメータ'!D28*('③ パラメータ'!C32))),0) | L7: =ROUND(IF('③ パラメータ'!C34="固定",F7+'③ パラメータ'!C28*('③ パラメータ'!C32),F7*(1+'③ パラメータ'!E28*('③ パラメータ'!C32))),0) | M7: =MIN(100,G7+(INT(('③ パラメータ'!C32-1)/'③ パラメータ'!C36)+1)*'③ パラメータ'!C35) | N7: 終末の進軍 | O7: このACTIVEによる2回の攻撃時、自身のATK+30%。敵へ2回攻撃する。各攻撃の対象は個別に選択できる。このターンの攻撃を消費する。 | P7: 1バトル1回 | Q7: 終末の巨人 | R7: 受ける攻撃ダメージを自身の最大HP5%分だけ軽減する。さらに、スルト以外の味方が戦闘不能になるたび、自身のATK+20%。 | S7: バトル開始時
A8: ロキ | B8: S | C8: 5 | D8: 男性 | E8: 46 | F8: 8 | G8: 84 | H8: =ROUND(IF('③ パラメータ'!C34="固定",E8+'③ パラメータ'!B28*(1),E8*(1+'③ パラメータ'!D28*(1))),0) | I8: =ROUND(IF('③ パラメータ'!C34="固定",F8+'③ パラメータ'!C28*(1),F8*(1+'③ パラメータ'!E28*(1))),0) | J8: =MIN(100,G8+(INT((1-1)/'③ パラメータ'!C36)+1)*'③ パラメータ'!C35) | K8: =ROUND(IF('③ パラメータ'!C34="固定",E8+'③ パラメータ'!B28*('③ パラメータ'!C32),E8*(1+'③ パラメータ'!D28*('③ パラメータ'!C32))),0) | L8: =ROUND(IF('③ パラメータ'!C34="固定",F8+'③ パラメータ'!C28*('③ パラメータ'!C32),F8*(1+'③ パラメータ'!E28*('③ パラメータ'!C32))),0) | M8: =MIN(100,G8+(INT(('③ パラメータ'!C32-1)/'③ パラメータ'!C36)+1)*'③ パラメータ'!C35) | N8: 虚実反転 | O8: 生存している敵1体と味方1体を選択し、両者の現在ATKをラウンド終了まで交換する。 | P8: 制限なし | Q8: 欺瞞の神 | R8: ロキが状態異常を受ける時、その状態異常を無効化し、効果を与えた敵へ同じ状態異常を返す。 | S8: 状態異常を受ける直前
A9: ヨルムンガンド | B9: S | C9: 5 | D9: 男性 | E9: 52 | F9: 7 | G9: 55 | H9: =ROUND(IF('③ パラメータ'!C34="固定",E9+'③ パラメータ'!B28*(1),E9*(1+'③ パラメータ'!D28*(1))),0) | I9: =ROUND(IF('③ パラメータ'!C34="固定",F9+'③ パラメータ'!C28*(1),F9*(1+'③ パラメータ'!E28*(1))),0) | J9: =MIN(100,G9+(INT((1-1)/'③ パラメータ'!C36)+1)*'③ パラメータ'!C35) | K9: =ROUND(IF('③ パラメータ'!C34="固定",E9+'③ パラメータ'!B28*('③ パラメータ'!C32),E9*(1+'③ パラメータ'!D28*('③ パラメータ'!C32))),0) | L9: =ROUND(IF('③ パラメータ'!C34="固定",F9+'③ パラメータ'!C28*('③ パラメータ'!C32),F9*(1+'③ パラメータ'!E28*('③ パラメータ'!C32))),0) | M9: =MIN(100,G9+(INT(('③ パラメータ'!C32-1)/'③ パラメータ'!C36)+1)*'③ パラメータ'!C35) | N9: 世界毒 | O9: 生存している敵全体へ、自身のATK60%のスキルダメージ + 毒（自身のATK30%×2ターン）。このターンの攻撃を消費する。 | P9: 1バトル1回 | Q9: 世界を囲む蛇 | R9: バトル開始時、敵全体のATK-15%。 | S9: バトル開始時
A10: ヘル | B10: S | C10: 5 | D10: 女性 | E10: 58 | F10: 6 | G10: 5 | H10: =ROUND(IF('③ パラメータ'!C34="固定",E10+'③ パラメータ'!B28*(1),E10*(1+'③ パラメータ'!D28*(1))),0) | I10: =ROUND(IF('③ パラメータ'!C34="固定",F10+'③ パラメータ'!C28*(1),F10*(1+'③ パラメータ'!E28*(1))),0) | J10: =MIN(100,G10+(INT((1-1)/'③ パラメータ'!C36)+1)*'③ パラメータ'!C35) | K10: =ROUND(IF('③ パラメータ'!C34="固定",E10+'③ パラメータ'!B28*('③ パラメータ'!C32),E10*(1+'③ パラメータ'!D28*('③ パラメータ'!C32))),0) | L10: =ROUND(IF('③ パラメータ'!C34="固定",F10+'③ パラメータ'!C28*('③ パラメータ'!C32),F10*(1+'③ パラメータ'!E28*('③ パラメータ'!C32))),0) | M10: =MIN(100,G10+(INT(('③ パラメータ'!C32-1)/'③ パラメータ'!C36)+1)*'③ パラメータ'!C35) | N10: 死の宣告 | O10: 敵1体を即座に戦闘不能にする。このターンの攻撃を消費する。 | P10: 1バトル1回 | Q10: 冥府の呼び声 | R10: 味方がバトル中初めて戦闘不能になった時、その使い魔を最大HP30%で蘇生する。 | S10: 誰かが倒れた時
A11: アスモデウス | B11: A | C11: 4 | D11: 男性 | E11: 30 | F11: 10 | G11: 82 | H11: =ROUND(IF('③ パラメータ'!C34="固定",E11+'③ パラメータ'!B27*(1),E11*(1+'③ パラメータ'!D27*(1))),0) | I11: =ROUND(IF('③ パラメータ'!C34="固定",F11+'③ パラメータ'!C27*(1),F11*(1+'③ パラメータ'!E27*(1))),0) | J11: =MIN(100,G11+(INT((1-1)/'③ パラメータ'!C36)+1)*'③ パラメータ'!C35) | K11: =ROUND(IF('③ パラメータ'!C34="固定",E11+'③ パラメータ'!B27*('③ パラメータ'!C32),E11*(1+'③ パラメータ'!D27*('③ パラメータ'!C32))),0) | L11: =ROUND(IF('③ パラメータ'!C34="固定",F11+'③ パラメータ'!C27*('③ パラメータ'!C32),F11*(1+'③ パラメータ'!E27*('③ パラメータ'!C32))),0) | M11: =MIN(100,G11+(INT(('③ パラメータ'!C32-1)/'③ パラメータ'!C36)+1)*'③ パラメータ'!C35) | N11: — | O11: — | P11: — | Q11: 色欲の権能 | R11: バトル開始時、味方全員のATK+15%。 | S11: バトル開始時
A12: マモン | B12: A | C12: 4 | D12: 男性 | E12: 31 | F12: 10 | G12: 68 | H12: =ROUND(IF('③ パラメータ'!C34="固定",E12+'③ パラメータ'!B27*(1),E12*(1+'③ パラメータ'!D27*(1))),0) | I12: =ROUND(IF('③ パラメータ'!C34="固定",F12+'③ パラメータ'!C27*(1),F12*(1+'③ パラメータ'!E27*(1))),0) | J12: =MIN(100,G12+(INT((1-1)/'③ パラメータ'!C36)+1)*'③ パラメータ'!C35) | K12: =ROUND(IF('③ パラメータ'!C34="固定",E12+'③ パラメータ'!B27*('③ パラメータ'!C32),E12*(1+'③ パラメータ'!D27*('③ パラメータ'!C32))),0) | L12: =ROUND(IF('③ パラメータ'!C34="固定",F12+'③ パラメータ'!C27*('③ パラメータ'!C32),F12*(1+'③ パラメータ'!E27*('③ パラメータ'!C32))),0) | M12: =MIN(100,G12+(INT(('③ パラメータ'!C32-1)/'③ パラメータ'!C36)+1)*'③ パラメータ'!C35) | N12: 強欲 | O12: 敵1体のATK-25%。さらに自身のATK+20%。両方ともラウンド終了まで継続する。 | P12: 制限なし | Q12: — | R12: — | S12: —
A13: アバドン | B13: A | C13: 4 | D13: 男性 | E13: 32 | F13: 10 | G13: 52 | H13: =ROUND(IF('③ パラメータ'!C34="固定",E13+'③ パラメータ'!B27*(1),E13*(1+'③ パラメータ'!D27*(1))),0) | I13: =ROUND(IF('③ パラメータ'!C34="固定",F13+'③ パラメータ'!C27*(1),F13*(1+'③ パラメータ'!E27*(1))),0) | J13: =MIN(100,G13+(INT((1-1)/'③ パラメータ'!C36)+1)*'③ パラメータ'!C35) | K13: =ROUND(IF('③ パラメータ'!C34="固定",E13+'③ パラメータ'!B27*('③ パラメータ'!C32),E13*(1+'③ パラメータ'!D27*('③ パラメータ'!C32))),0) | L13: =ROUND(IF('③ パラメータ'!C34="固定",F13+'③ パラメータ'!C27*('③ パラメータ'!C32),F13*(1+'③ パラメータ'!E27*('③ パラメータ'!C32))),0) | M13: =MIN(100,G13+(INT(('③ パラメータ'!C32-1)/'③ パラメータ'!C36)+1)*'③ パラメータ'!C35) | N13: 奈落崩壊 | O13: 生存している敵全体へ、自身のATK45%のスキルダメージ。このターンの攻撃を消費する。 | P13: 制限なし | Q13: — | R13: — | S13: —
A14: サタン | B14: A | C14: 4 | D14: 男性 | E14: 36 | F14: 9 | G14: 46 | H14: =ROUND(IF('③ パラメータ'!C34="固定",E14+'③ パラメータ'!B27*(1),E14*(1+'③ パラメータ'!D27*(1))),0) | I14: =ROUND(IF('③ パラメータ'!C34="固定",F14+'③ パラメータ'!C27*(1),F14*(1+'③ パラメータ'!E27*(1))),0) | J14: =MIN(100,G14+(INT((1-1)/'③ パラメータ'!C36)+1)*'③ パラメータ'!C35) | K14: =ROUND(IF('③ パラメータ'!C34="固定",E14+'③ パラメータ'!B27*('③ パラメータ'!C32),E14*(1+'③ パラメータ'!D27*('③ パラメータ'!C32))),0) | L14: =ROUND(IF('③ パラメータ'!C34="固定",F14+'③ パラメータ'!C27*('③ パラメータ'!C32),F14*(1+'③ パラメータ'!E27*('③ パラメータ'!C32))),0) | M14: =MIN(100,G14+(INT(('③ パラメータ'!C32-1)/'③ パラメータ'!C36)+1)*'③ パラメータ'!C35) | N14: 憤怒の解放 | O14: 味方全員に付与されているデバフをすべて解除する。状態異常は解除しない。 | P14: 1バトル1回 | Q14: — | R14: — | S14: —
A15: ニーズヘッグ | B15: A | C15: 4 | D15: 男性 | E15: 36 | F15: 9 | G15: 50 | H15: =ROUND(IF('③ パラメータ'!C34="固定",E15+'③ パラメータ'!B27*(1),E15*(1+'③ パラメータ'!D27*(1))),0) | I15: =ROUND(IF('③ パラメータ'!C34="固定",F15+'③ パラメータ'!C27*(1),F15*(1+'③ パラメータ'!E27*(1))),0) | J15: =MIN(100,G15+(INT((1-1)/'③ パラメータ'!C36)+1)*'③ パラメータ'!C35) | K15: =ROUND(IF('③ パラメータ'!C34="固定",E15+'③ パラメータ'!B27*('③ パラメータ'!C32),E15*(1+'③ パラメータ'!D27*('③ パラメータ'!C32))),0) | L15: =ROUND(IF('③ パラメータ'!C34="固定",F15+'③ パラメータ'!C27*('③ パラメータ'!C32),F15*(1+'③ パラメータ'!E27*('③ パラメータ'!C32))),0) | M15: =MIN(100,G15+(INT(('③ パラメータ'!C32-1)/'③ パラメータ'!C36)+1)*'③ パラメータ'!C35) | N15: — | O15: — | P15: — | Q15: 根喰らい | R15: 攻撃ダメージを与えた敵に回復阻害デバフ（2ターン）を付与する。対象はHPを回復できず、蘇生もできない。 | S15: after_attack
A16: ベリアル | B16: A | C16: 4 | D16: 男性 | E16: 34 | F16: 9 | G16: 92 | H16: =ROUND(IF('③ パラメータ'!C34="固定",E16+'③ パラメータ'!B27*(1),E16*(1+'③ パラメータ'!D27*(1))),0) | I16: =ROUND(IF('③ パラメータ'!C34="固定",F16+'③ パラメータ'!C27*(1),F16*(1+'③ パラメータ'!E27*(1))),0) | J16: =MIN(100,G16+(INT((1-1)/'③ パラメータ'!C36)+1)*'③ パラメータ'!C35) | K16: =ROUND(IF('③ パラメータ'!C34="固定",E16+'③ パラメータ'!B27*('③ パラメータ'!C32),E16*(1+'③ パラメータ'!D27*('③ パラメータ'!C32))),0) | L16: =ROUND(IF('③ パラメータ'!C34="固定",F16+'③ パラメータ'!C27*('③ パラメータ'!C32),F16*(1+'③ パラメータ'!E27*('③ パラメータ'!C32))),0) | M16: =MIN(100,G16+(INT(('③ パラメータ'!C32-1)/'③ パラメータ'!C36)+1)*'③ パラメータ'!C35) | N16: — | O16: — | P16: — | Q16: 魔王の先見 | R16: 味方がバトル中初めて行動不能になる時、その行動不能を無効化する。 | S16: 状態異常を受ける直前
A17: キュウビ | B17: A | C17: 4 | D17: 女性 | E17: 34 | F17: 9 | G17: 97 | H17: =ROUND(IF('③ パラメータ'!C34="固定",E17+'③ パラメータ'!B27*(1),E17*(1+'③ パラメータ'!D27*(1))),0) | I17: =ROUND(IF('③ パラメータ'!C34="固定",F17+'③ パラメータ'!C27*(1),F17*(1+'③ パラメータ'!E27*(1))),0) | J17: =MIN(100,G17+(INT((1-1)/'③ パラメータ'!C36)+1)*'③ パラメータ'!C35) | K17: =ROUND(IF('③ パラメータ'!C34="固定",E17+'③ パラメータ'!B27*('③ パラメータ'!C32),E17*(1+'③ パラメータ'!D27*('③ パラメータ'!C32))),0) | L17: =ROUND(IF('③ パラメータ'!C34="固定",F17+'③ パラメータ'!C27*('③ パラメータ'!C32),F17*(1+'③ パラメータ'!E27*('③ パラメータ'!C32))),0) | M17: =MIN(100,G17+(INT(('③ パラメータ'!C32-1)/'③ パラメータ'!C36)+1)*'③ パラメータ'!C35) | N17: 妖狐幻術 | O17: 敵1体のSPD-20%（2ターン）。 | P17: 制限なし | Q17: — | R17: — | S17: —
A18: リリス | B18: A | C18: 4 | D18: 女性 | E18: 35 | F18: 9 | G18: 74 | H18: =ROUND(IF('③ パラメータ'!C34="固定",E18+'③ パラメータ'!B27*(1),E18*(1+'③ パラメータ'!D27*(1))),0) | I18: =ROUND(IF('③ パラメータ'!C34="固定",F18+'③ パラメータ'!C27*(1),F18*(1+'③ パラメータ'!E27*(1))),0) | J18: =MIN(100,G18+(INT((1-1)/'③ パラメータ'!C36)+1)*'③ パラメータ'!C35) | K18: =ROUND(IF('③ パラメータ'!C34="固定",E18+'③ パラメータ'!B27*('③ パラメータ'!C32),E18*(1+'③ パラメータ'!D27*('③ パラメータ'!C32))),0) | L18: =ROUND(IF('③ パラメータ'!C34="固定",F18+'③ パラメータ'!C27*('③ パラメータ'!C32),F18*(1+'③ パラメータ'!E27*('③ パラメータ'!C32))),0) | M18: =MIN(100,G18+(INT(('③ パラメータ'!C32-1)/'③ パラメータ'!C36)+1)*'③ パラメータ'!C35) | N18: — | O18: — | P18: — | Q18: 夜の誘惑 | R18: バトル開始時、男性の敵全体のATK-25%。 | S18: バトル開始時
A19: フェニックス | B19: A | C19: 4 | D19: なし | E19: 35 | F19: 9 | G19: 64 | H19: =ROUND(IF('③ パラメータ'!C34="固定",E19+'③ パラメータ'!B27*(1),E19*(1+'③ パラメータ'!D27*(1))),0) | I19: =ROUND(IF('③ パラメータ'!C34="固定",F19+'③ パラメータ'!C27*(1),F19*(1+'③ パラメータ'!E27*(1))),0) | J19: =MIN(100,G19+(INT((1-1)/'③ パラメータ'!C36)+1)*'③ パラメータ'!C35) | K19: =ROUND(IF('③ パラメータ'!C34="固定",E19+'③ パラメータ'!B27*('③ パラメータ'!C32),E19*(1+'③ パラメータ'!D27*('③ パラメータ'!C32))),0) | L19: =ROUND(IF('③ パラメータ'!C34="固定",F19+'③ パラメータ'!C27*('③ パラメータ'!C32),F19*(1+'③ パラメータ'!E27*('③ パラメータ'!C32))),0) | M19: =MIN(100,G19+(INT(('③ パラメータ'!C32-1)/'③ パラメータ'!C36)+1)*'③ パラメータ'!C35) | N19: 再誕の炎 | O19: 戦闘不能の味方1体を最大HP50%で蘇生する。このターンの攻撃を消費する。 | P19: 1バトル1回 | Q19: — | R19: — | S19: —
A20: ルシファー | B20: A | C20: 4 | D20: 男性 | E20: 38 | F20: 8 | G20: 90 | H20: =ROUND(IF('③ パラメータ'!C34="固定",E20+'③ パラメータ'!B27*(1),E20*(1+'③ パラメータ'!D27*(1))),0) | I20: =ROUND(IF('③ パラメータ'!C34="固定",F20+'③ パラメータ'!C27*(1),F20*(1+'③ パラメータ'!E27*(1))),0) | J20: =MIN(100,G20+(INT((1-1)/'③ パラメータ'!C36)+1)*'③ パラメータ'!C35) | K20: =ROUND(IF('③ パラメータ'!C34="固定",E20+'③ パラメータ'!B27*('③ パラメータ'!C32),E20*(1+'③ パラメータ'!D27*('③ パラメータ'!C32))),0) | L20: =ROUND(IF('③ パラメータ'!C34="固定",F20+'③ パラメータ'!C27*('③ パラメータ'!C32),F20*(1+'③ パラメータ'!E27*('③ パラメータ'!C32))),0) | M20: =MIN(100,G20+(INT(('③ パラメータ'!C32-1)/'③ パラメータ'!C36)+1)*'③ パラメータ'!C35) | N20: 明星の加護 | O20: 味方1体は状態異常を受けない（2ターン）。すでに受けている状態異常は解除しない。 | P20: 1バトル1回 | Q20: — | R20: — | S20: —
A21: ベルゼブブ | B21: A | C21: 4 | D21: 男性 | E21: 40 | F21: 8 | G21: 58 | H21: =ROUND(IF('③ パラメータ'!C34="固定",E21+'③ パラメータ'!B27*(1),E21*(1+'③ パラメータ'!D27*(1))),0) | I21: =ROUND(IF('③ パラメータ'!C34="固定",F21+'③ パラメータ'!C27*(1),F21*(1+'③ パラメータ'!E27*(1))),0) | J21: =MIN(100,G21+(INT((1-1)/'③ パラメータ'!C36)+1)*'③ パラメータ'!C35) | K21: =ROUND(IF('③ パラメータ'!C34="固定",E21+'③ パラメータ'!B27*('③ パラメータ'!C32),E21*(1+'③ パラメータ'!D27*('③ パラメータ'!C32))),0) | L21: =ROUND(IF('③ パラメータ'!C34="固定",F21+'③ パラメータ'!C27*('③ パラメータ'!C32),F21*(1+'③ パラメータ'!E27*('③ パラメータ'!C32))),0) | M21: =MIN(100,G21+(INT(('③ パラメータ'!C32-1)/'③ パラメータ'!C36)+1)*'③ パラメータ'!C35) | N21: — | O21: — | P21: — | Q21: 蠅王の瘴気 | R21: バトル開始時、敵全体に毒（自身のATK40%×2ターン）を付与する。 | S21: バトル開始時
A22: ベルフェゴール | B22: A | C22: 4 | D22: 男性 | E22: 41 | F22: 8 | G22: 24 | H22: =ROUND(IF('③ パラメータ'!C34="固定",E22+'③ パラメータ'!B27*(1),E22*(1+'③ パラメータ'!D27*(1))),0) | I22: =ROUND(IF('③ パラメータ'!C34="固定",F22+'③ パラメータ'!C27*(1),F22*(1+'③ パラメータ'!E27*(1))),0) | J22: =MIN(100,G22+(INT((1-1)/'③ パラメータ'!C36)+1)*'③ パラメータ'!C35) | K22: =ROUND(IF('③ パラメータ'!C34="固定",E22+'③ パラメータ'!B27*('③ パラメータ'!C32),E22*(1+'③ パラメータ'!D27*('③ パラメータ'!C32))),0) | L22: =ROUND(IF('③ パラメータ'!C34="固定",F22+'③ パラメータ'!C27*('③ パラメータ'!C32),F22*(1+'③ パラメータ'!E27*('③ パラメータ'!C32))),0) | M22: =MIN(100,G22+(INT(('③ パラメータ'!C32-1)/'③ パラメータ'!C36)+1)*'③ パラメータ'!C35) | N22: — | O22: — | P22: — | Q22: 怠惰の権能 | R22: 男性の敵へ攻撃ダメージを与えた時、対象を行動不能（1ターン）にする。 | S22: after_attack
A23: アスタロト | B23: A | C23: 4 | D23: 男性 | E23: 40 | F23: 8 | G23: 56 | H23: =ROUND(IF('③ パラメータ'!C34="固定",E23+'③ パラメータ'!B27*(1),E23*(1+'③ パラメータ'!D27*(1))),0) | I23: =ROUND(IF('③ パラメータ'!C34="固定",F23+'③ パラメータ'!C27*(1),F23*(1+'③ パラメータ'!E27*(1))),0) | J23: =MIN(100,G23+(INT((1-1)/'③ パラメータ'!C36)+1)*'③ パラメータ'!C35) | K23: =ROUND(IF('③ パラメータ'!C34="固定",E23+'③ パラメータ'!B27*('③ パラメータ'!C32),E23*(1+'③ パラメータ'!D27*('③ パラメータ'!C32))),0) | L23: =ROUND(IF('③ パラメータ'!C34="固定",F23+'③ パラメータ'!C27*('③ パラメータ'!C32),F23*(1+'③ パラメータ'!E27*('③ パラメータ'!C32))),0) | M23: =MIN(100,G23+(INT(('③ パラメータ'!C32-1)/'③ パラメータ'!C36)+1)*'③ パラメータ'!C35) | N23: 魔王の叡智 | O23: 味方全員に付与されている状態異常をすべて解除する。デバフは解除しない。 | P23: 1バトル1回 | Q23: — | R23: — | S23: —
A24: ファフニール | B24: A | C24: 4 | D24: 男性 | E24: 45 | F24: 7 | G24: 30 | H24: =ROUND(IF('③ パラメータ'!C34="固定",E24+'③ パラメータ'!B27*(1),E24*(1+'③ パラメータ'!D27*(1))),0) | I24: =ROUND(IF('③ パラメータ'!C34="固定",F24+'③ パラメータ'!C27*(1),F24*(1+'③ パラメータ'!E27*(1))),0) | J24: =MIN(100,G24+(INT((1-1)/'③ パラメータ'!C36)+1)*'③ パラメータ'!C35) | K24: =ROUND(IF('③ パラメータ'!C34="固定",E24+'③ パラメータ'!B27*('③ パラメータ'!C32),E24*(1+'③ パラメータ'!D27*('③ パラメータ'!C32))),0) | L24: =ROUND(IF('③ パラメータ'!C34="固定",F24+'③ パラメータ'!C27*('③ パラメータ'!C32),F24*(1+'③ パラメータ'!E27*('③ パラメータ'!C32))),0) | M24: =MIN(100,G24+(INT(('③ パラメータ'!C32-1)/'③ パラメータ'!C36)+1)*'③ パラメータ'!C35) | N24: 黄金の加護 | O24: 味方1体のHPを、その使い魔の最大HP65%分回復する。 | P24: 1バトル1回 | Q24: — | R24: — | S24: —
A25: レヴィアタン | B25: A | C25: 4 | D25: なし | E25: 49 | F25: 6 | G25: 27 | H25: =ROUND(IF('③ パラメータ'!C34="固定",E25+'③ パラメータ'!B27*(1),E25*(1+'③ パラメータ'!D27*(1))),0) | I25: =ROUND(IF('③ パラメータ'!C34="固定",F25+'③ パラメータ'!C27*(1),F25*(1+'③ パラメータ'!E27*(1))),0) | J25: =MIN(100,G25+(INT((1-1)/'③ パラメータ'!C36)+1)*'③ パラメータ'!C35) | K25: =ROUND(IF('③ パラメータ'!C34="固定",E25+'③ パラメータ'!B27*('③ パラメータ'!C32),E25*(1+'③ パラメータ'!D27*('③ パラメータ'!C32))),0) | L25: =ROUND(IF('③ パラメータ'!C34="固定",F25+'③ パラメータ'!C27*('③ パラメータ'!C32),F25*(1+'③ パラメータ'!E27*('③ パラメータ'!C32))),0) | M25: =MIN(100,G25+(INT(('③ パラメータ'!C32-1)/'③ パラメータ'!C36)+1)*'③ パラメータ'!C35) | N25: 深海の威圧 | O25: 敵全体を挑発（1ターン）する。挑発が強制するのは通常攻撃のみ。 | P25: 1バトル1回 | Q25: — | R25: — | S25: —
A26: サイクロプス | B26: B | C26: 3 | D26: 男性 | E26: 25 | F26: 10 | G26: 26 | H26: =ROUND(IF('③ パラメータ'!C34="固定",E26+'③ パラメータ'!B26*(1),E26*(1+'③ パラメータ'!D26*(1))),0) | I26: =ROUND(IF('③ パラメータ'!C34="固定",F26+'③ パラメータ'!C26*(1),F26*(1+'③ パラメータ'!E26*(1))),0) | J26: =MIN(100,G26+(INT((1-1)/'③ パラメータ'!C36)+1)*'③ パラメータ'!C35) | K26: =ROUND(IF('③ パラメータ'!C34="固定",E26+'③ パラメータ'!B26*('③ パラメータ'!C32),E26*(1+'③ パラメータ'!D26*('③ パラメータ'!C32))),0) | L26: =ROUND(IF('③ パラメータ'!C34="固定",F26+'③ パラメータ'!C26*('③ パラメータ'!C32),F26*(1+'③ パラメータ'!E26*('③ パラメータ'!C32))),0) | M26: =MIN(100,G26+(INT(('③ パラメータ'!C32-1)/'③ パラメータ'!C36)+1)*'③ パラメータ'!C35) | N26: — | O26: — | P26: — | Q26: — | R26: — | S26: —
A27: ガルム | B27: B | C27: 3 | D27: 男性 | E27: 27 | F27: 9 | G27: 69 | H27: =ROUND(IF('③ パラメータ'!C34="固定",E27+'③ パラメータ'!B26*(1),E27*(1+'③ パラメータ'!D26*(1))),0) | I27: =ROUND(IF('③ パラメータ'!C34="固定",F27+'③ パラメータ'!C26*(1),F27*(1+'③ パラメータ'!E26*(1))),0) | J27: =MIN(100,G27+(INT((1-1)/'③ パラメータ'!C36)+1)*'③ パラメータ'!C35) | K27: =ROUND(IF('③ パラメータ'!C34="固定",E27+'③ パラメータ'!B26*('③ パラメータ'!C32),E27*(1+'③ パラメータ'!D26*('③ パラメータ'!C32))),0) | L27: =ROUND(IF('③ パラメータ'!C34="固定",F27+'③ パラメータ'!C26*('③ パラメータ'!C32),F27*(1+'③ パラメータ'!E26*('③ パラメータ'!C32))),0) | M27: =MIN(100,G27+(INT(('③ パラメータ'!C32-1)/'③ パラメータ'!C36)+1)*'③ パラメータ'!C35) | N27: — | O27: — | P27: — | Q27: — | R27: — | S27: —
A28: ケルベロス | B28: B | C28: 3 | D28: 男性 | E28: 24 | F28: 8 | G28: 43 | H28: =ROUND(IF('③ パラメータ'!C34="固定",E28+'③ パラメータ'!B26*(1),E28*(1+'③ パラメータ'!D26*(1))),0) | I28: =ROUND(IF('③ パラメータ'!C34="固定",F28+'③ パラメータ'!C26*(1),F28*(1+'③ パラメータ'!E26*(1))),0) | J28: =MIN(100,G28+(INT((1-1)/'③ パラメータ'!C36)+1)*'③ パラメータ'!C35) | K28: =ROUND(IF('③ パラメータ'!C34="固定",E28+'③ パラメータ'!B26*('③ パラメータ'!C32),E28*(1+'③ パラメータ'!D26*('③ パラメータ'!C32))),0) | L28: =ROUND(IF('③ パラメータ'!C34="固定",F28+'③ パラメータ'!C26*('③ パラメータ'!C32),F28*(1+'③ パラメータ'!E26*('③ パラメータ'!C32))),0) | M28: =MIN(100,G28+(INT(('③ パラメータ'!C32-1)/'③ パラメータ'!C36)+1)*'③ パラメータ'!C35) | N28: — | O28: — | P28: — | Q28: 三頭の狩り | R28: HP50%以下の敵を攻撃する時、その攻撃のみATK+25%。 | S28: before_attack
A29: グリフォン | B29: B | C29: 3 | D29: なし | E29: 30 | F29: 8 | G29: 89 | H29: =ROUND(IF('③ パラメータ'!C34="固定",E29+'③ パラメータ'!B26*(1),E29*(1+'③ パラメータ'!D26*(1))),0) | I29: =ROUND(IF('③ パラメータ'!C34="固定",F29+'③ パラメータ'!C26*(1),F29*(1+'③ パラメータ'!E26*(1))),0) | J29: =MIN(100,G29+(INT((1-1)/'③ パラメータ'!C36)+1)*'③ パラメータ'!C35) | K29: =ROUND(IF('③ パラメータ'!C34="固定",E29+'③ パラメータ'!B26*('③ パラメータ'!C32),E29*(1+'③ パラメータ'!D26*('③ パラメータ'!C32))),0) | L29: =ROUND(IF('③ パラメータ'!C34="固定",F29+'③ パラメータ'!C26*('③ パラメータ'!C32),F29*(1+'③ パラメータ'!E26*('③ パラメータ'!C32))),0) | M29: =MIN(100,G29+(INT(('③ パラメータ'!C32-1)/'③ パラメータ'!C36)+1)*'③ パラメータ'!C35) | N29: — | O29: — | P29: — | Q29: — | R29: — | S29: —
A30: イフリート | B30: B | C30: 3 | D30: 男性 | E30: 24 | F30: 8 | G30: 48 | H30: =ROUND(IF('③ パラメータ'!C34="固定",E30+'③ パラメータ'!B26*(1),E30*(1+'③ パラメータ'!D26*(1))),0) | I30: =ROUND(IF('③ パラメータ'!C34="固定",F30+'③ パラメータ'!C26*(1),F30*(1+'③ パラメータ'!E26*(1))),0) | J30: =MIN(100,G30+(INT((1-1)/'③ パラメータ'!C36)+1)*'③ パラメータ'!C35) | K30: =ROUND(IF('③ パラメータ'!C34="固定",E30+'③ パラメータ'!B26*('③ パラメータ'!C32),E30*(1+'③ パラメータ'!D26*('③ パラメータ'!C32))),0) | L30: =ROUND(IF('③ パラメータ'!C34="固定",F30+'③ パラメータ'!C26*('③ パラメータ'!C32),F30*(1+'③ パラメータ'!E26*('③ パラメータ'!C32))),0) | M30: =MIN(100,G30+(INT(('③ パラメータ'!C32-1)/'③ パラメータ'!C36)+1)*'③ パラメータ'!C35) | N30: 灼熱 | O30: 敵1体へ、自身のATK75%のスキルダメージ。このターンの攻撃を消費する。 | P30: 1バトル1回 | Q30: — | R30: — | S30: —
A31: フレースヴェルグ | B31: B | C31: 3 | D31: 男性 | E31: 26 | F31: 7 | G31: 86 | H31: =ROUND(IF('③ パラメータ'!C34="固定",E31+'③ パラメータ'!B26*(1),E31*(1+'③ パラメータ'!D26*(1))),0) | I31: =ROUND(IF('③ パラメータ'!C34="固定",F31+'③ パラメータ'!C26*(1),F31*(1+'③ パラメータ'!E26*(1))),0) | J31: =MIN(100,G31+(INT((1-1)/'③ パラメータ'!C36)+1)*'③ パラメータ'!C35) | K31: =ROUND(IF('③ パラメータ'!C34="固定",E31+'③ パラメータ'!B26*('③ パラメータ'!C32),E31*(1+'③ パラメータ'!D26*('③ パラメータ'!C32))),0) | L31: =ROUND(IF('③ パラメータ'!C34="固定",F31+'③ パラメータ'!C26*('③ パラメータ'!C32),F31*(1+'③ パラメータ'!E26*('③ パラメータ'!C32))),0) | M31: =MIN(100,G31+(INT(('③ パラメータ'!C32-1)/'③ パラメータ'!C36)+1)*'③ パラメータ'!C35) | N31: — | O31: — | P31: — | Q31: 暴風の翼 | R31: 攻撃ダメージを与えた敵のSPD-5%（1ターン）。 | S31: after_attack
A32: メドゥーサ | B32: B | C32: 3 | D32: 女性 | E32: 27 | F32: 7 | G32: 79 | H32: =ROUND(IF('③ パラメータ'!C34="固定",E32+'③ パラメータ'!B26*(1),E32*(1+'③ パラメータ'!D26*(1))),0) | I32: =ROUND(IF('③ パラメータ'!C34="固定",F32+'③ パラメータ'!C26*(1),F32*(1+'③ パラメータ'!E26*(1))),0) | J32: =MIN(100,G32+(INT((1-1)/'③ パラメータ'!C36)+1)*'③ パラメータ'!C35) | K32: =ROUND(IF('③ パラメータ'!C34="固定",E32+'③ パラメータ'!B26*('③ パラメータ'!C32),E32*(1+'③ パラメータ'!D26*('③ パラメータ'!C32))),0) | L32: =ROUND(IF('③ パラメータ'!C34="固定",F32+'③ パラメータ'!C26*('③ パラメータ'!C32),F32*(1+'③ パラメータ'!E26*('③ パラメータ'!C32))),0) | M32: =MIN(100,G32+(INT(('③ パラメータ'!C32-1)/'③ パラメータ'!C36)+1)*'③ パラメータ'!C35) | N32: 石化の魔眼 | O32: 敵1体を行動不能（1ターン）にする。このターンの攻撃を消費する。 | P32: 1バトル1回 | Q32: — | R32: — | S32: —
A33: ミノタウロス | B33: B | C33: 3 | D33: 男性 | E33: 38 | F33: 7 | G33: 14 | H33: =ROUND(IF('③ パラメータ'!C34="固定",E33+'③ パラメータ'!B26*(1),E33*(1+'③ パラメータ'!D26*(1))),0) | I33: =ROUND(IF('③ パラメータ'!C34="固定",F33+'③ パラメータ'!C26*(1),F33*(1+'③ パラメータ'!E26*(1))),0) | J33: =MIN(100,G33+(INT((1-1)/'③ パラメータ'!C36)+1)*'③ パラメータ'!C35) | K33: =ROUND(IF('③ パラメータ'!C34="固定",E33+'③ パラメータ'!B26*('③ パラメータ'!C32),E33*(1+'③ パラメータ'!D26*('③ パラメータ'!C32))),0) | L33: =ROUND(IF('③ パラメータ'!C34="固定",F33+'③ パラメータ'!C26*('③ パラメータ'!C32),F33*(1+'③ パラメータ'!E26*('③ パラメータ'!C32))),0) | M33: =MIN(100,G33+(INT(('③ パラメータ'!C32-1)/'③ パラメータ'!C36)+1)*'③ パラメータ'!C35) | N33: — | O33: — | P33: — | Q33: — | R33: — | S33: —
A34: キマイラ | B34: B | C34: 3 | D34: 女性 | E34: 27 | F34: 7 | G34: 60 | H34: =ROUND(IF('③ パラメータ'!C34="固定",E34+'③ パラメータ'!B26*(1),E34*(1+'③ パラメータ'!D26*(1))),0) | I34: =ROUND(IF('③ パラメータ'!C34="固定",F34+'③ パラメータ'!C26*(1),F34*(1+'③ パラメータ'!E26*(1))),0) | J34: =MIN(100,G34+(INT((1-1)/'③ パラメータ'!C36)+1)*'③ パラメータ'!C35) | K34: =ROUND(IF('③ パラメータ'!C34="固定",E34+'③ パラメータ'!B26*('③ パラメータ'!C32),E34*(1+'③ パラメータ'!D26*('③ パラメータ'!C32))),0) | L34: =ROUND(IF('③ パラメータ'!C34="固定",F34+'③ パラメータ'!C26*('③ パラメータ'!C32),F34*(1+'③ パラメータ'!E26*('③ パラメータ'!C32))),0) | M34: =MIN(100,G34+(INT(('③ パラメータ'!C32-1)/'③ パラメータ'!C36)+1)*'③ パラメータ'!C35) | N34: — | O34: — | P34: — | Q34: 異形の狩り | R34: 状態異常またはデバフを受けている敵を攻撃する時、その攻撃のみATK+30%。 | S34: before_attack
A35: アザゼル | B35: B | C35: 3 | D35: 男性 | E35: 27 | F35: 7 | G35: 67 | H35: =ROUND(IF('③ パラメータ'!C34="固定",E35+'③ パラメータ'!B26*(1),E35*(1+'③ パラメータ'!D26*(1))),0) | I35: =ROUND(IF('③ パラメータ'!C34="固定",F35+'③ パラメータ'!C26*(1),F35*(1+'③ パラメータ'!E26*(1))),0) | J35: =MIN(100,G35+(INT((1-1)/'③ パラメータ'!C36)+1)*'③ パラメータ'!C35) | K35: =ROUND(IF('③ パラメータ'!C34="固定",E35+'③ パラメータ'!B26*('③ パラメータ'!C32),E35*(1+'③ パラメータ'!D26*('③ パラメータ'!C32))),0) | L35: =ROUND(IF('③ パラメータ'!C34="固定",F35+'③ パラメータ'!C26*('③ パラメータ'!C32),F35*(1+'③ パラメータ'!E26*('③ パラメータ'!C32))),0) | M35: =MIN(100,G35+(INT(('③ パラメータ'!C32-1)/'③ パラメータ'!C36)+1)*'③ パラメータ'!C35) | N35: 堕天の鼓舞 | O35: 味方1体のATK+15%（2ターン）。 | P35: 制限なし | Q35: — | R35: — | S35: —
A36: セイレーン | B36: B | C36: 3 | D36: 女性 | E36: 26 | F36: 7 | G36: 80 | H36: =ROUND(IF('③ パラメータ'!C34="固定",E36+'③ パラメータ'!B26*(1),E36*(1+'③ パラメータ'!D26*(1))),0) | I36: =ROUND(IF('③ パラメータ'!C34="固定",F36+'③ パラメータ'!C26*(1),F36*(1+'③ パラメータ'!E26*(1))),0) | J36: =MIN(100,G36+(INT((1-1)/'③ パラメータ'!C36)+1)*'③ パラメータ'!C35) | K36: =ROUND(IF('③ パラメータ'!C34="固定",E36+'③ パラメータ'!B26*('③ パラメータ'!C32),E36*(1+'③ パラメータ'!D26*('③ パラメータ'!C32))),0) | L36: =ROUND(IF('③ パラメータ'!C34="固定",F36+'③ パラメータ'!C26*('③ パラメータ'!C32),F36*(1+'③ パラメータ'!E26*('③ パラメータ'!C32))),0) | M36: =MIN(100,G36+(INT(('③ パラメータ'!C32-1)/'③ パラメータ'!C36)+1)*'③ パラメータ'!C35) | N36: — | O36: — | P36: — | Q36: 惑わしの歌 | R36: バトル開始時、男性の敵の中で最もATKが高い1体のATK-15%。 | S36: バトル開始時
A37: デュラハン | B37: B | C37: 3 | D37: 男性 | E37: 29 | F37: 7 | G37: 38 | H37: =ROUND(IF('③ パラメータ'!C34="固定",E37+'③ パラメータ'!B26*(1),E37*(1+'③ パラメータ'!D26*(1))),0) | I37: =ROUND(IF('③ パラメータ'!C34="固定",F37+'③ パラメータ'!C26*(1),F37*(1+'③ パラメータ'!E26*(1))),0) | J37: =MIN(100,G37+(INT((1-1)/'③ パラメータ'!C36)+1)*'③ パラメータ'!C35) | K37: =ROUND(IF('③ パラメータ'!C34="固定",E37+'③ パラメータ'!B26*('③ パラメータ'!C32),E37*(1+'③ パラメータ'!D26*('③ パラメータ'!C32))),0) | L37: =ROUND(IF('③ パラメータ'!C34="固定",F37+'③ パラメータ'!C26*('③ パラメータ'!C32),F37*(1+'③ パラメータ'!E26*('③ パラメータ'!C32))),0) | M37: =MIN(100,G37+(INT(('③ パラメータ'!C32-1)/'③ パラメータ'!C36)+1)*'③ パラメータ'!C35) | N37: — | O37: — | P37: — | Q37: 首無し騎士 | R37: 攻撃ダメージによって戦闘不能になる時、最大HP4%で耐える。スキルダメージ・継続ダメージでは発動しない。 | S37: 自分が倒れる直前
A38: バンシー | B38: B | C38: 3 | D38: 女性 | E38: 27 | F38: 7 | G38: 66 | H38: =ROUND(IF('③ パラメータ'!C34="固定",E38+'③ パラメータ'!B26*(1),E38*(1+'③ パラメータ'!D26*(1))),0) | I38: =ROUND(IF('③ パラメータ'!C34="固定",F38+'③ パラメータ'!C26*(1),F38*(1+'③ パラメータ'!E26*(1))),0) | J38: =MIN(100,G38+(INT((1-1)/'③ パラメータ'!C36)+1)*'③ パラメータ'!C35) | K38: =ROUND(IF('③ パラメータ'!C34="固定",E38+'③ パラメータ'!B26*('③ パラメータ'!C32),E38*(1+'③ パラメータ'!D26*('③ パラメータ'!C32))),0) | L38: =ROUND(IF('③ パラメータ'!C34="固定",F38+'③ パラメータ'!C26*('③ パラメータ'!C32),F38*(1+'③ パラメータ'!E26*('③ パラメータ'!C32))),0) | M38: =MIN(100,G38+(INT(('③ パラメータ'!C32-1)/'③ パラメータ'!C36)+1)*'③ パラメータ'!C35) | N38: — | O38: — | P38: — | Q38: 死者の慟哭 | R38: 味方が蘇生した時、その使い魔のHPを、さらに最大HP25%分回復する。 | S38: 蘇生された時
A39: ヒュドラ | B39: B | C39: 3 | D39: 女性 | E39: 32 | F39: 6 | G39: 41 | H39: =ROUND(IF('③ パラメータ'!C34="固定",E39+'③ パラメータ'!B26*(1),E39*(1+'③ パラメータ'!D26*(1))),0) | I39: =ROUND(IF('③ パラメータ'!C34="固定",F39+'③ パラメータ'!C26*(1),F39*(1+'③ パラメータ'!E26*(1))),0) | J39: =MIN(100,G39+(INT((1-1)/'③ パラメータ'!C36)+1)*'③ パラメータ'!C35) | K39: =ROUND(IF('③ パラメータ'!C34="固定",E39+'③ パラメータ'!B26*('③ パラメータ'!C32),E39*(1+'③ パラメータ'!D26*('③ パラメータ'!C32))),0) | L39: =ROUND(IF('③ パラメータ'!C34="固定",F39+'③ パラメータ'!C26*('③ パラメータ'!C32),F39*(1+'③ パラメータ'!E26*('③ パラメータ'!C32))),0) | M39: =MIN(100,G39+(INT(('③ パラメータ'!C32-1)/'③ パラメータ'!C36)+1)*'③ パラメータ'!C35) | N39: — | O39: — | P39: — | Q39: 猛毒増幅 | R39: 敵に毒が付与される時、その毒のダメージ+1、継続ターン+1。同じ毒に対して1回のみ適用。 | S39: バトル開始時
A40: 雪女 | B40: B | C40: 3 | D40: 女性 | E40: 31 | F40: 6 | G40: 72 | H40: =ROUND(IF('③ パラメータ'!C34="固定",E40+'③ パラメータ'!B26*(1),E40*(1+'③ パラメータ'!D26*(1))),0) | I40: =ROUND(IF('③ パラメータ'!C34="固定",F40+'③ パラメータ'!C26*(1),F40*(1+'③ パラメータ'!E26*(1))),0) | J40: =MIN(100,G40+(INT((1-1)/'③ パラメータ'!C36)+1)*'③ パラメータ'!C35) | K40: =ROUND(IF('③ パラメータ'!C34="固定",E40+'③ パラメータ'!B26*('③ パラメータ'!C32),E40*(1+'③ パラメータ'!D26*('③ パラメータ'!C32))),0) | L40: =ROUND(IF('③ パラメータ'!C34="固定",F40+'③ パラメータ'!C26*('③ パラメータ'!C32),F40*(1+'③ パラメータ'!E26*('③ パラメータ'!C32))),0) | M40: =MIN(100,G40+(INT(('③ パラメータ'!C32-1)/'③ パラメータ'!C36)+1)*'③ パラメータ'!C35) | N40: 凍てつく風 | O40: 敵全体のSPD-5%（1ターン）。このターンの攻撃を消費する。 | P40: 制限なし | Q40: — | R40: — | S40: —
A41: パイモン | B41: B | C41: 3 | D41: 男性 | E41: 31 | F41: 6 | G41: 71 | H41: =ROUND(IF('③ パラメータ'!C34="固定",E41+'③ パラメータ'!B26*(1),E41*(1+'③ パラメータ'!D26*(1))),0) | I41: =ROUND(IF('③ パラメータ'!C34="固定",F41+'③ パラメータ'!C26*(1),F41*(1+'③ パラメータ'!E26*(1))),0) | J41: =MIN(100,G41+(INT((1-1)/'③ パラメータ'!C36)+1)*'③ パラメータ'!C35) | K41: =ROUND(IF('③ パラメータ'!C34="固定",E41+'③ パラメータ'!B26*('③ パラメータ'!C32),E41*(1+'③ パラメータ'!D26*('③ パラメータ'!C32))),0) | L41: =ROUND(IF('③ パラメータ'!C34="固定",F41+'③ パラメータ'!C26*('③ パラメータ'!C32),F41*(1+'③ パラメータ'!E26*('③ パラメータ'!C32))),0) | M41: =MIN(100,G41+(INT(('③ パラメータ'!C32-1)/'③ パラメータ'!C36)+1)*'③ パラメータ'!C35) | N41: — | O41: — | P41: — | Q41: 王の施し | R41: 自分のターン開始時、生存している味方の中で現在HPが最も低い1体のHPを、その使い魔の最大HP12%分回復する。 | S41: 自分のターン開始時
A42: ベヒーモス | B42: B | C42: 3 | D42: なし | E42: 42 | F42: 6 | G42: 10 | H42: =ROUND(IF('③ パラメータ'!C34="固定",E42+'③ パラメータ'!B26*(1),E42*(1+'③ パラメータ'!D26*(1))),0) | I42: =ROUND(IF('③ パラメータ'!C34="固定",F42+'③ パラメータ'!C26*(1),F42*(1+'③ パラメータ'!E26*(1))),0) | J42: =MIN(100,G42+(INT((1-1)/'③ パラメータ'!C36)+1)*'③ パラメータ'!C35) | K42: =ROUND(IF('③ パラメータ'!C34="固定",E42+'③ パラメータ'!B26*('③ パラメータ'!C32),E42*(1+'③ パラメータ'!D26*('③ パラメータ'!C32))),0) | L42: =ROUND(IF('③ パラメータ'!C34="固定",F42+'③ パラメータ'!C26*('③ パラメータ'!C32),F42*(1+'③ パラメータ'!E26*('③ パラメータ'!C32))),0) | M42: =MIN(100,G42+(INT(('③ パラメータ'!C32-1)/'③ パラメータ'!C36)+1)*'③ パラメータ'!C35) | N42: — | O42: — | P42: — | Q42: — | R42: — | S42: —
A43: スフィンクス | B43: B | C43: 3 | D43: 女性 | E43: 33 | F43: 6 | G43: 35 | H43: =ROUND(IF('③ パラメータ'!C34="固定",E43+'③ パラメータ'!B26*(1),E43*(1+'③ パラメータ'!D26*(1))),0) | I43: =ROUND(IF('③ パラメータ'!C34="固定",F43+'③ パラメータ'!C26*(1),F43*(1+'③ パラメータ'!E26*(1))),0) | J43: =MIN(100,G43+(INT((1-1)/'③ パラメータ'!C36)+1)*'③ パラメータ'!C35) | K43: =ROUND(IF('③ パラメータ'!C34="固定",E43+'③ パラメータ'!B26*('③ パラメータ'!C32),E43*(1+'③ パラメータ'!D26*('③ パラメータ'!C32))),0) | L43: =ROUND(IF('③ パラメータ'!C34="固定",F43+'③ パラメータ'!C26*('③ パラメータ'!C32),F43*(1+'③ パラメータ'!E26*('③ パラメータ'!C32))),0) | M43: =MIN(100,G43+(INT(('③ パラメータ'!C32-1)/'③ パラメータ'!C36)+1)*'③ パラメータ'!C35) | N43: — | O43: — | P43: — | Q43: 古代の守護 | R43: 自身がバトル中初めて受ける状態異常を無効化する。 | S43: 状態異常を受ける直前
A44: クラーケン | B44: B | C44: 3 | D44: なし | E44: 33 | F44: 6 | G44: 22 | H44: =ROUND(IF('③ パラメータ'!C34="固定",E44+'③ パラメータ'!B26*(1),E44*(1+'③ パラメータ'!D26*(1))),0) | I44: =ROUND(IF('③ パラメータ'!C34="固定",F44+'③ パラメータ'!C26*(1),F44*(1+'③ パラメータ'!E26*(1))),0) | J44: =MIN(100,G44+(INT((1-1)/'③ パラメータ'!C36)+1)*'③ パラメータ'!C35) | K44: =ROUND(IF('③ パラメータ'!C34="固定",E44+'③ パラメータ'!B26*('③ パラメータ'!C32),E44*(1+'③ パラメータ'!D26*('③ パラメータ'!C32))),0) | L44: =ROUND(IF('③ パラメータ'!C34="固定",F44+'③ パラメータ'!C26*('③ パラメータ'!C32),F44*(1+'③ パラメータ'!E26*('③ パラメータ'!C32))),0) | M44: =MIN(100,G44+(INT(('③ パラメータ'!C32-1)/'③ パラメータ'!C36)+1)*'③ パラメータ'!C35) | N44: — | O44: — | P44: — | Q44: 深海の拘束 | R44: 通常攻撃を受けた時、攻撃した敵のSPD-4%（1ターン）。 | S44: on_damage
A45: ペガサス | B45: B | C45: 3 | D45: 男性 | E45: 34 | F45: 5 | G45: 98 | H45: =ROUND(IF('③ パラメータ'!C34="固定",E45+'③ パラメータ'!B26*(1),E45*(1+'③ パラメータ'!D26*(1))),0) | I45: =ROUND(IF('③ パラメータ'!C34="固定",F45+'③ パラメータ'!C26*(1),F45*(1+'③ パラメータ'!E26*(1))),0) | J45: =MIN(100,G45+(INT((1-1)/'③ パラメータ'!C36)+1)*'③ パラメータ'!C35) | K45: =ROUND(IF('③ パラメータ'!C34="固定",E45+'③ パラメータ'!B26*('③ パラメータ'!C32),E45*(1+'③ パラメータ'!D26*('③ パラメータ'!C32))),0) | L45: =ROUND(IF('③ パラメータ'!C34="固定",F45+'③ パラメータ'!C26*('③ パラメータ'!C32),F45*(1+'③ パラメータ'!E26*('③ パラメータ'!C32))),0) | M45: =MIN(100,G45+(INT(('③ パラメータ'!C32-1)/'③ パラメータ'!C36)+1)*'③ パラメータ'!C35) | N45: 天駆の加護 | O45: 味方1体のSPD+12%（2ターン）。 | P45: 1バトル1回 | Q45: — | R45: — | S45: —
A46: ダークエルフ | B46: C | C46: 2 | D46: 女性 | E46: 14 | F46: 8 | G46: 83 | H46: =ROUND(IF('③ パラメータ'!C34="固定",E46+'③ パラメータ'!B25*(1),E46*(1+'③ パラメータ'!D25*(1))),0) | I46: =ROUND(IF('③ パラメータ'!C34="固定",F46+'③ パラメータ'!C25*(1),F46*(1+'③ パラメータ'!E25*(1))),0) | J46: =MIN(100,G46+(INT((1-1)/'③ パラメータ'!C36)+1)*'③ パラメータ'!C35) | K46: =ROUND(IF('③ パラメータ'!C34="固定",E46+'③ パラメータ'!B25*('③ パラメータ'!C32),E46*(1+'③ パラメータ'!D25*('③ パラメータ'!C32))),0) | L46: =ROUND(IF('③ パラメータ'!C34="固定",F46+'③ パラメータ'!C25*('③ パラメータ'!C32),F46*(1+'③ パラメータ'!E25*('③ パラメータ'!C32))),0) | M46: =MIN(100,G46+(INT(('③ パラメータ'!C32-1)/'③ パラメータ'!C36)+1)*'③ パラメータ'!C35) | N46: — | O46: — | P46: — | Q46: — | R46: — | S46: —
A47: ゴブリン | B47: C | C47: 2 | D47: 男性 | E47: 20 | F47: 7 | G47: 57 | H47: =ROUND(IF('③ パラメータ'!C34="固定",E47+'③ パラメータ'!B25*(1),E47*(1+'③ パラメータ'!D25*(1))),0) | I47: =ROUND(IF('③ パラメータ'!C34="固定",F47+'③ パラメータ'!C25*(1),F47*(1+'③ パラメータ'!E25*(1))),0) | J47: =MIN(100,G47+(INT((1-1)/'③ パラメータ'!C36)+1)*'③ パラメータ'!C35) | K47: =ROUND(IF('③ パラメータ'!C34="固定",E47+'③ パラメータ'!B25*('③ パラメータ'!C32),E47*(1+'③ パラメータ'!D25*('③ パラメータ'!C32))),0) | L47: =ROUND(IF('③ パラメータ'!C34="固定",F47+'③ パラメータ'!C25*('③ パラメータ'!C32),F47*(1+'③ パラメータ'!E25*('③ パラメータ'!C32))),0) | M47: =MIN(100,G47+(INT(('③ パラメータ'!C32-1)/'③ パラメータ'!C36)+1)*'③ パラメータ'!C35) | N47: — | O47: — | P47: — | Q47: — | R47: — | S47: —
A48: インプ | B48: C | C48: 2 | D48: 男性 | E48: 18 | F48: 7 | G48: 87 | H48: =ROUND(IF('③ パラメータ'!C34="固定",E48+'③ パラメータ'!B25*(1),E48*(1+'③ パラメータ'!D25*(1))),0) | I48: =ROUND(IF('③ パラメータ'!C34="固定",F48+'③ パラメータ'!C25*(1),F48*(1+'③ パラメータ'!E25*(1))),0) | J48: =MIN(100,G48+(INT((1-1)/'③ パラメータ'!C36)+1)*'③ パラメータ'!C35) | K48: =ROUND(IF('③ パラメータ'!C34="固定",E48+'③ パラメータ'!B25*('③ パラメータ'!C32),E48*(1+'③ パラメータ'!D25*('③ パラメータ'!C32))),0) | L48: =ROUND(IF('③ パラメータ'!C34="固定",F48+'③ パラメータ'!C25*('③ パラメータ'!C32),F48*(1+'③ パラメータ'!E25*('③ パラメータ'!C32))),0) | M48: =MIN(100,G48+(INT(('③ パラメータ'!C32-1)/'③ パラメータ'!C36)+1)*'③ パラメータ'!C35) | N48: — | O48: — | P48: — | Q48: — | R48: — | S48: —
A49: スケルトン | B49: C | C49: 2 | D49: なし | E49: 25 | F49: 6 | G49: 20 | H49: =ROUND(IF('③ パラメータ'!C34="固定",E49+'③ パラメータ'!B25*(1),E49*(1+'③ パラメータ'!D25*(1))),0) | I49: =ROUND(IF('③ パラメータ'!C34="固定",F49+'③ パラメータ'!C25*(1),F49*(1+'③ パラメータ'!E25*(1))),0) | J49: =MIN(100,G49+(INT((1-1)/'③ パラメータ'!C36)+1)*'③ パラメータ'!C35) | K49: =ROUND(IF('③ パラメータ'!C34="固定",E49+'③ パラメータ'!B25*('③ パラメータ'!C32),E49*(1+'③ パラメータ'!D25*('③ パラメータ'!C32))),0) | L49: =ROUND(IF('③ パラメータ'!C34="固定",F49+'③ パラメータ'!C25*('③ パラメータ'!C32),F49*(1+'③ パラメータ'!E25*('③ パラメータ'!C32))),0) | M49: =MIN(100,G49+(INT(('③ パラメータ'!C32-1)/'③ パラメータ'!C36)+1)*'③ パラメータ'!C35) | N49: — | O49: — | P49: — | Q49: — | R49: — | S49: —
A50: スライム | B50: C | C50: 2 | D50: なし | E50: 30 | F50: 5 | G50: 8 | H50: =ROUND(IF('③ パラメータ'!C34="固定",E50+'③ パラメータ'!B25*(1),E50*(1+'③ パラメータ'!D25*(1))),0) | I50: =ROUND(IF('③ パラメータ'!C34="固定",F50+'③ パラメータ'!C25*(1),F50*(1+'③ パラメータ'!E25*(1))),0) | J50: =MIN(100,G50+(INT((1-1)/'③ パラメータ'!C36)+1)*'③ パラメータ'!C35) | K50: =ROUND(IF('③ パラメータ'!C34="固定",E50+'③ パラメータ'!B25*('③ パラメータ'!C32),E50*(1+'③ パラメータ'!D25*('③ パラメータ'!C32))),0) | L50: =ROUND(IF('③ パラメータ'!C34="固定",F50+'③ パラメータ'!C25*('③ パラメータ'!C32),F50*(1+'③ パラメータ'!E25*('③ パラメータ'!C32))),0) | M50: =MIN(100,G50+(INT(('③ パラメータ'!C32-1)/'③ パラメータ'!C36)+1)*'③ パラメータ'!C35) | N50: — | O50: — | P50: — | Q50: — | R50: — | S50: —
A51: ミミック | B51: C | C51: 2 | D51: なし | E51: 29 | F51: 5 | G51: 28 | H51: =ROUND(IF('③ パラメータ'!C34="固定",E51+'③ パラメータ'!B25*(1),E51*(1+'③ パラメータ'!D25*(1))),0) | I51: =ROUND(IF('③ パラメータ'!C34="固定",F51+'③ パラメータ'!C25*(1),F51*(1+'③ パラメータ'!E25*(1))),0) | J51: =MIN(100,G51+(INT((1-1)/'③ パラメータ'!C36)+1)*'③ パラメータ'!C35) | K51: =ROUND(IF('③ パラメータ'!C34="固定",E51+'③ パラメータ'!B25*('③ パラメータ'!C32),E51*(1+'③ パラメータ'!D25*('③ パラメータ'!C32))),0) | L51: =ROUND(IF('③ パラメータ'!C34="固定",F51+'③ パラメータ'!C25*('③ パラメータ'!C32),F51*(1+'③ パラメータ'!E25*('③ パラメータ'!C32))),0) | M51: =MIN(100,G51+(INT(('③ パラメータ'!C32-1)/'③ パラメータ'!C36)+1)*'③ パラメータ'!C35) | N51: — | O51: — | P51: — | Q51: — | R51: — | S51: —
A52: ウィスプ | B52: C | C52: 2 | D52: なし | E52: 26 | F52: 5 | G52: 94 | H52: =ROUND(IF('③ パラメータ'!C34="固定",E52+'③ パラメータ'!B25*(1),E52*(1+'③ パラメータ'!D25*(1))),0) | I52: =ROUND(IF('③ パラメータ'!C34="固定",F52+'③ パラメータ'!C25*(1),F52*(1+'③ パラメータ'!E25*(1))),0) | J52: =MIN(100,G52+(INT((1-1)/'③ パラメータ'!C36)+1)*'③ パラメータ'!C35) | K52: =ROUND(IF('③ パラメータ'!C34="固定",E52+'③ パラメータ'!B25*('③ パラメータ'!C32),E52*(1+'③ パラメータ'!D25*('③ パラメータ'!C32))),0) | L52: =ROUND(IF('③ パラメータ'!C34="固定",F52+'③ パラメータ'!C25*('③ パラメータ'!C32),F52*(1+'③ パラメータ'!E25*('③ パラメータ'!C32))),0) | M52: =MIN(100,G52+(INT(('③ パラメータ'!C32-1)/'③ パラメータ'!C36)+1)*'③ パラメータ'!C35) | N52: — | O52: — | P52: — | Q52: — | R52: — | S52: —
A53: フェアリー | B53: C | C53: 2 | D53: 女性 | E53: 27 | F53: 5 | G53: 73 | H53: =ROUND(IF('③ パラメータ'!C34="固定",E53+'③ パラメータ'!B25*(1),E53*(1+'③ パラメータ'!D25*(1))),0) | I53: =ROUND(IF('③ パラメータ'!C34="固定",F53+'③ パラメータ'!C25*(1),F53*(1+'③ パラメータ'!E25*(1))),0) | J53: =MIN(100,G53+(INT((1-1)/'③ パラメータ'!C36)+1)*'③ パラメータ'!C35) | K53: =ROUND(IF('③ パラメータ'!C34="固定",E53+'③ パラメータ'!B25*('③ パラメータ'!C32),E53*(1+'③ パラメータ'!D25*('③ パラメータ'!C32))),0) | L53: =ROUND(IF('③ パラメータ'!C34="固定",F53+'③ パラメータ'!C25*('③ パラメータ'!C32),F53*(1+'③ パラメータ'!E25*('③ パラメータ'!C32))),0) | M53: =MIN(100,G53+(INT(('③ パラメータ'!C32-1)/'③ パラメータ'!C36)+1)*'③ パラメータ'!C35) | N53: — | O53: — | P53: — | Q53: — | R53: — | S53: —
A54: カーバンクル | B54: C | C54: 2 | D54: なし | E54: 29 | F54: 5 | G54: 34 | H54: =ROUND(IF('③ パラメータ'!C34="固定",E54+'③ パラメータ'!B25*(1),E54*(1+'③ パラメータ'!D25*(1))),0) | I54: =ROUND(IF('③ パラメータ'!C34="固定",F54+'③ パラメータ'!C25*(1),F54*(1+'③ パラメータ'!E25*(1))),0) | J54: =MIN(100,G54+(INT((1-1)/'③ パラメータ'!C36)+1)*'③ パラメータ'!C35) | K54: =ROUND(IF('③ パラメータ'!C34="固定",E54+'③ パラメータ'!B25*('③ パラメータ'!C32),E54*(1+'③ パラメータ'!D25*('③ パラメータ'!C32))),0) | L54: =ROUND(IF('③ パラメータ'!C34="固定",F54+'③ パラメータ'!C25*('③ パラメータ'!C32),F54*(1+'③ パラメータ'!E25*('③ パラメータ'!C32))),0) | M54: =MIN(100,G54+(INT(('③ パラメータ'!C32-1)/'③ パラメータ'!C36)+1)*'③ パラメータ'!C35) | N54: — | O54: — | P54: — | Q54: — | R54: — | S54: —
A55: マンドラゴラ | B55: C | C55: 2 | D55: なし | E55: 34 | F55: 4 | G55: 6 | H55: =ROUND(IF('③ パラメータ'!C34="固定",E55+'③ パラメータ'!B25*(1),E55*(1+'③ パラメータ'!D25*(1))),0) | I55: =ROUND(IF('③ パラメータ'!C34="固定",F55+'③ パラメータ'!C25*(1),F55*(1+'③ パラメータ'!E25*(1))),0) | J55: =MIN(100,G55+(INT((1-1)/'③ パラメータ'!C36)+1)*'③ パラメータ'!C35) | K55: =ROUND(IF('③ パラメータ'!C34="固定",E55+'③ パラメータ'!B25*('③ パラメータ'!C32),E55*(1+'③ パラメータ'!D25*('③ パラメータ'!C32))),0) | L55: =ROUND(IF('③ パラメータ'!C34="固定",F55+'③ パラメータ'!C25*('③ パラメータ'!C32),F55*(1+'③ パラメータ'!E25*('③ パラメータ'!C32))),0) | M55: =MIN(100,G55+(INT(('③ パラメータ'!C32-1)/'③ パラメータ'!C36)+1)*'③ パラメータ'!C35) | N55: — | O55: — | P55: — | Q55: — | R55: — | S55: —

Sheet ③ パラメータ
A1: ③ パラメータ — 黄色のセルを書き換えてください
A2: このシートの数値だけが計算の入り口です。ほかのシートは全部ここを見ています。
A3: ■ 各ランクの使い魔の数
A4: ランク | B4: 現在 | C4: 試す値 | F4: 説明
A5: Cランク | B5: 10 | C5: 10 | F5: 数を減らすと、同じ使い魔が出やすくなります（＝合成しやすい）
A6: Bランク | B6: 20 | C6: 20
A7: Aランク | B7: 15 | C7: 15
A8: Sランク | B8: 5 | C8: 5
A9: 合計 | B9: =SUM(B5:B8) | C9: =SUM(C5:C8)
A11: ■ ガチャの排出率（単発・千分率。合計を必ず1000にする）
A12: ランク | B12: 現在 | C12: 試す値 | D12: ％ | F12: 説明
A13: Cランク | B13: 450 | C13: 450 | D13: =C13/10
A14: Bランク | B14: 450 | C14: 450 | D14: =C14/10
A15: Aランク | B15: 90 | C15: 90 | D15: =C15/10
A16: Sランク | B16: 10 | C16: 10 | D16: =C16/10
A17: 合計 | B17: =SUM(B13:B16) | C17: =SUM(C13:C16) | F17: =IF(C17=1000,"OK","★合計が1000ではありません")
A19: ■ ガチャ費用
A20: 項目 | B20: 現在 | C20: 試す値 | F20: 説明
A21: 単発の費用（coin） | B21: 30000 | C21: 30000 | F21: 1回引くのにかかるcoin
A23: ■ 合成1回あたりの成長量（固定値・％の両方を書いておけます）
A24: ランク | B24: 固定値 HP | C24: 固定値 ATK | D24: 率 HP | E24: 率 ATK | F24: 説明
A25: Cランク | B25: 0 | C25: 0 | D25: 0.05 | E25: 0.05 | F25: 下の「成長のしかた」で、固定値と率のどちらを使うか選びます
A26: Bランク | B26: 1 | C26: 0 | D26: 0.05 | E26: 0.05 | F26: 率は 0.05＝5%。0にするとそのランクは合成できません
A27: Aランク | B27: 2 | C27: 1 | D27: 0.05 | E27: 0.05
A28: Sランク | B28: 3 | C28: 1 | D28: 0.05 | E28: 0.05
A30: ■ 成長の共通設定
A31: 項目 | B31: 現在 | C31: 試す値 | F31: 説明
A32: 最大レベル | B32: 10 | C32: 10 | F32: 下げると必要な体数が一気に減ります
A33: 1レベルに必要な素材数 | B33: 1 | C33: 1 | F33: 必要な体数 =（最大レベル−1）× この数 ＋ 1
A34: 成長のしかた | B34: 率 | C34: 率 | F34: 「固定」か「率」と入力してください
A35: SPD増加量（1回） | B35: 1 | C35: 1 | F35: SPDは上限100で頭打ちになります
A36: SPDが上がる間隔 | B36: 2 | C36: 2 | F36: 2なら Lv1,3,5,7,9 で上がります
A38: ■ 合成費用
A39: 項目 | B39: 現在 | C39: 試す値 | F39: 説明
A40: 素材1体あたり（売却額比） | B40: 0.5 | C40: 0.5 | F40: 0.5なら売却額の半分。0にすると合成は無料
A42: ■ 売却額（Lv1）
A43: ランク | B43: 現在 | C43: 試す値 | F43: 説明
A44: Cランク | B44: 2000 | C44: 2000 | F44: 合成費用もこの金額を基準に決まります
A45: Bランク | B45: 5000 | C45: 5000
A46: Aランク | B46: 15000 | C46: 15000
A47: Sランク | B47: 50000 | C47: 50000
A49: ■ バトルの枠（⑥デッキ試算が使います）
A50: 項目 | B50: 現在 | C50: 試す値 | F50: 説明
A51: 合計COST上限 | B51: 20 | C51: 20 | F51: 編成できる合計COST
A52: 出場できる体数 | B52: 5 | C52: 5 | F52: 1ギルドが出せる使い魔の数

Sheet ④ ガチャ試算
A1: ④ ガチャ試算 — 単発だけで計算しています
A2: ③パラメータを変えると自動で変わります。10連・保証枠は考慮していません。
A4: ■ 最大レベルに必要な体数
A5: 必要な体数 | B5: =('③ パラメータ'!C32-1)*'③ パラメータ'!C33+1 | H5: （最大レベル−1）× 1レベルの素材数 ＋ 本体1体
A7: ■ ランクごとの試算
A8: ランク | B8: 使い魔の数 | C8: 特定1体が出る確率 | D8: 1体そろえる単発回数 | E8: 最大Lvに必要な単発回数 | F8: ガチャ費用 | G8: 合成費用 | H8: 合計coin
A9: Cランク | B9: ='③ パラメータ'!C5 | C9: =IF('③ パラメータ'!C5=0,0,'③ パラメータ'!C13/1000/'③ パラメータ'!C5) | D9: =IF(C9=0,"—",1/C9) | E9: =IF(C9=0,"—",$B$5/C9) | F9: =IF(C9=0,"—",E9*'③ パラメータ'!C21) | G9: =($B$5-1)*'③ パラメータ'!C44*'③ パラメータ'!C40 | H9: =IF(C9=0,"—",F9+G9)
A10: Bランク | B10: ='③ パラメータ'!C6 | C10: =IF('③ パラメータ'!C6=0,0,'③ パラメータ'!C14/1000/'③ パラメータ'!C6) | D10: =IF(C10=0,"—",1/C10) | E10: =IF(C10=0,"—",$B$5/C10) | F10: =IF(C10=0,"—",E10*'③ パラメータ'!C21) | G10: =($B$5-1)*'③ パラメータ'!C45*'③ パラメータ'!C40 | H10: =IF(C10=0,"—",F10+G10)
A11: Aランク | B11: ='③ パラメータ'!C7 | C11: =IF('③ パラメータ'!C7=0,0,'③ パラメータ'!C15/1000/'③ パラメータ'!C7) | D11: =IF(C11=0,"—",1/C11) | E11: =IF(C11=0,"—",$B$5/C11) | F11: =IF(C11=0,"—",E11*'③ パラメータ'!C21) | G11: =($B$5-1)*'③ パラメータ'!C46*'③ パラメータ'!C40 | H11: =IF(C11=0,"—",F11+G11)
A12: Sランク | B12: ='③ パラメータ'!C8 | C12: =IF('③ パラメータ'!C8=0,0,'③ パラメータ'!C16/1000/'③ パラメータ'!C8) | D12: =IF(C12=0,"—",1/C12) | E12: =IF(C12=0,"—",$B$5/C12) | F12: =IF(C12=0,"—",E12*'③ パラメータ'!C21) | G12: =($B$5-1)*'③ パラメータ'!C47*'③ パラメータ'!C40 | H12: =IF(C12=0,"—",F12+G12)
A14: ■ 参考：1体だけ引きたい場合
A15: ランク | B15: そのランクが出る確率 | C15: 1体出るまでの単発回数 | D15: そのぶんのcoin
A16: Cランク | B16: ='③ パラメータ'!C13/1000 | C16: =IF('③ パラメータ'!C13=0,"—",1000/'③ パラメータ'!C13) | D16: =IF('③ パラメータ'!C13=0,"—",C16*'③ パラメータ'!C21)
A17: Bランク | B17: ='③ パラメータ'!C14/1000 | C17: =IF('③ パラメータ'!C14=0,"—",1000/'③ パラメータ'!C14) | D17: =IF('③ パラメータ'!C14=0,"—",C17*'③ パラメータ'!C21)
A18: Aランク | B18: ='③ パラメータ'!C15/1000 | C18: =IF('③ パラメータ'!C15=0,"—",1000/'③ パラメータ'!C15) | D18: =IF('③ パラメータ'!C15=0,"—",C18*'③ パラメータ'!C21)
A19: Sランク | B19: ='③ パラメータ'!C16/1000 | C19: =IF('③ パラメータ'!C16=0,"—",1000/'③ パラメータ'!C16) | D19: =IF('③ パラメータ'!C16=0,"—",C19*'③ パラメータ'!C21)

Sheet ⑤ 成長試算
A1: ⑤ 成長試算 — ランクごとの平均能力値を Lv1〜Lv10 で並べたもの
A2: 「素の値」はそのランクの平均です。③パラメータの成長設定を変えると全部動きます。
A3: ※ Lv1の時点で既に1回ぶん成長しています（能力値＝素の値×(1+成長率×レベル)）。
A4: ランク | B4: 項目 | C4: 素の値(Lv0) | D4: Lv1 | E4: Lv2 | F4: Lv3 | G4: Lv4 | H4: Lv5 | I4: Lv6 | J4: Lv7 | K4: Lv8 | L4: Lv9 | M4: Lv10 | N4: Lv1→Lv10
A5: Cランク | B5: HP | C5: 25.2 | D5: =IF(1>'③ パラメータ'!C32,"—",ROUND(IF('③ パラメータ'!C34="固定",$C5+'③ パラメータ'!B25*(1),$C5*(1+'③ パラメータ'!D25*(1))),0)) | E5: =IF(2>'③ パラメータ'!C32,"—",ROUND(IF('③ パラメータ'!C34="固定",$C5+'③ パラメータ'!B25*(2),$C5*(1+'③ パラメータ'!D25*(2))),0)) | F5: =IF(3>'③ パラメータ'!C32,"—",ROUND(IF('③ パラメータ'!C34="固定",$C5+'③ パラメータ'!B25*(3),$C5*(1+'③ パラメータ'!D25*(3))),0)) | G5: =IF(4>'③ パラメータ'!C32,"—",ROUND(IF('③ パラメータ'!C34="固定",$C5+'③ パラメータ'!B25*(4),$C5*(1+'③ パラメータ'!D25*(4))),0)) | H5: =IF(5>'③ パラメータ'!C32,"—",ROUND(IF('③ パラメータ'!C34="固定",$C5+'③ パラメータ'!B25*(5),$C5*(1+'③ パラメータ'!D25*(5))),0)) | I5: =IF(6>'③ パラメータ'!C32,"—",ROUND(IF('③ パラメータ'!C34="固定",$C5+'③ パラメータ'!B25*(6),$C5*(1+'③ パラメータ'!D25*(6))),0)) | J5: =IF(7>'③ パラメータ'!C32,"—",ROUND(IF('③ パラメータ'!C34="固定",$C5+'③ パラメータ'!B25*(7),$C5*(1+'③ パラメータ'!D25*(7))),0)) | K5: =IF(8>'③ パラメータ'!C32,"—",ROUND(IF('③ パラメータ'!C34="固定",$C5+'③ パラメータ'!B25*(8),$C5*(1+'③ パラメータ'!D25*(8))),0)) | L5: =IF(9>'③ パラメータ'!C32,"—",ROUND(IF('③ パラメータ'!C34="固定",$C5+'③ パラメータ'!B25*(9),$C5*(1+'③ パラメータ'!D25*(9))),0)) | M5: =IF(10>'③ パラメータ'!C32,"—",ROUND(IF('③ パラメータ'!C34="固定",$C5+'③ パラメータ'!B25*(10),$C5*(1+'③ パラメータ'!D25*(10))),0)) | N5: =IF(M5="—","—",M5/D5)
B6: ATK | C6: 5.7 | D6: =IF(1>'③ パラメータ'!C32,"—",ROUND(IF('③ パラメータ'!C34="固定",$C6+'③ パラメータ'!C25*(1),$C6*(1+'③ パラメータ'!E25*(1))),0)) | E6: =IF(2>'③ パラメータ'!C32,"—",ROUND(IF('③ パラメータ'!C34="固定",$C6+'③ パラメータ'!C25*(2),$C6*(1+'③ パラメータ'!E25*(2))),0)) | F6: =IF(3>'③ パラメータ'!C32,"—",ROUND(IF('③ パラメータ'!C34="固定",$C6+'③ パラメータ'!C25*(3),$C6*(1+'③ パラメータ'!E25*(3))),0)) | G6: =IF(4>'③ パラメータ'!C32,"—",ROUND(IF('③ パラメータ'!C34="固定",$C6+'③ パラメータ'!C25*(4),$C6*(1+'③ パラメータ'!E25*(4))),0)) | H6: =IF(5>'③ パラメータ'!C32,"—",ROUND(IF('③ パラメータ'!C34="固定",$C6+'③ パラメータ'!C25*(5),$C6*(1+'③ パラメータ'!E25*(5))),0)) | I6: =IF(6>'③ パラメータ'!C32,"—",ROUND(IF('③ パラメータ'!C34="固定",$C6+'③ パラメータ'!C25*(6),$C6*(1+'③ パラメータ'!E25*(6))),0)) | J6: =IF(7>'③ パラメータ'!C32,"—",ROUND(IF('③ パラメータ'!C34="固定",$C6+'③ パラメータ'!C25*(7),$C6*(1+'③ パラメータ'!E25*(7))),0)) | K6: =IF(8>'③ パラメータ'!C32,"—",ROUND(IF('③ パラメータ'!C34="固定",$C6+'③ パラメータ'!C25*(8),$C6*(1+'③ パラメータ'!E25*(8))),0)) | L6: =IF(9>'③ パラメータ'!C32,"—",ROUND(IF('③ パラメータ'!C34="固定",$C6+'③ パラメータ'!C25*(9),$C6*(1+'③ パラメータ'!E25*(9))),0)) | M6: =IF(10>'③ パラメータ'!C32,"—",ROUND(IF('③ パラメータ'!C34="固定",$C6+'③ パラメータ'!C25*(10),$C6*(1+'③ パラメータ'!E25*(10))),0)) | N6: =IF(M6="—","—",M6/D6)
B7: SPD | C7: 49 | D7: =IF(1>'③ パラメータ'!C32,"—",MIN(100,$C7+(INT((1-1)/'③ パラメータ'!C36)+1)*'③ パラメータ'!C35)) | E7: =IF(2>'③ パラメータ'!C32,"—",MIN(100,$C7+(INT((2-1)/'③ パラメータ'!C36)+1)*'③ パラメータ'!C35)) | F7: =IF(3>'③ パラメータ'!C32,"—",MIN(100,$C7+(INT((3-1)/'③ パラメータ'!C36)+1)*'③ パラメータ'!C35)) | G7: =IF(4>'③ パラメータ'!C32,"—",MIN(100,$C7+(INT((4-1)/'③ パラメータ'!C36)+1)*'③ パラメータ'!C35)) | H7: =IF(5>'③ パラメータ'!C32,"—",MIN(100,$C7+(INT((5-1)/'③ パラメータ'!C36)+1)*'③ パラメータ'!C35)) | I7: =IF(6>'③ パラメータ'!C32,"—",MIN(100,$C7+(INT((6-1)/'③ パラメータ'!C36)+1)*'③ パラメータ'!C35)) | J7: =IF(7>'③ パラメータ'!C32,"—",MIN(100,$C7+(INT((7-1)/'③ パラメータ'!C36)+1)*'③ パラメータ'!C35)) | K7: =IF(8>'③ パラメータ'!C32,"—",MIN(100,$C7+(INT((8-1)/'③ パラメータ'!C36)+1)*'③ パラメータ'!C35)) | L7: =IF(9>'③ パラメータ'!C32,"—",MIN(100,$C7+(INT((9-1)/'③ パラメータ'!C36)+1)*'③ パラメータ'!C35)) | M7: =IF(10>'③ パラメータ'!C32,"—",MIN(100,$C7+(INT((10-1)/'③ パラメータ'!C36)+1)*'③ パラメータ'!C35)) | N7: =IF(M7="—","—",M7/D7)
A8: Bランク | B8: HP | C8: 29.6 | D8: =IF(1>'③ パラメータ'!C32,"—",ROUND(IF('③ パラメータ'!C34="固定",$C8+'③ パラメータ'!B26*(1),$C8*(1+'③ パラメータ'!D26*(1))),0)) | E8: =IF(2>'③ パラメータ'!C32,"—",ROUND(IF('③ パラメータ'!C34="固定",$C8+'③ パラメータ'!B26*(2),$C8*(1+'③ パラメータ'!D26*(2))),0)) | F8: =IF(3>'③ パラメータ'!C32,"—",ROUND(IF('③ パラメータ'!C34="固定",$C8+'③ パラメータ'!B26*(3),$C8*(1+'③ パラメータ'!D26*(3))),0)) | G8: =IF(4>'③ パラメータ'!C32,"—",ROUND(IF('③ パラメータ'!C34="固定",$C8+'③ パラメータ'!B26*(4),$C8*(1+'③ パラメータ'!D26*(4))),0)) | H8: =IF(5>'③ パラメータ'!C32,"—",ROUND(IF('③ パラメータ'!C34="固定",$C8+'③ パラメータ'!B26*(5),$C8*(1+'③ パラメータ'!D26*(5))),0)) | I8: =IF(6>'③ パラメータ'!C32,"—",ROUND(IF('③ パラメータ'!C34="固定",$C8+'③ パラメータ'!B26*(6),$C8*(1+'③ パラメータ'!D26*(6))),0)) | J8: =IF(7>'③ パラメータ'!C32,"—",ROUND(IF('③ パラメータ'!C34="固定",$C8+'③ パラメータ'!B26*(7),$C8*(1+'③ パラメータ'!D26*(7))),0)) | K8: =IF(8>'③ パラメータ'!C32,"—",ROUND(IF('③ パラメータ'!C34="固定",$C8+'③ パラメータ'!B26*(8),$C8*(1+'③ パラメータ'!D26*(8))),0)) | L8: =IF(9>'③ パラメータ'!C32,"—",ROUND(IF('③ パラメータ'!C34="固定",$C8+'③ パラメータ'!B26*(9),$C8*(1+'③ パラメータ'!D26*(9))),0)) | M8: =IF(10>'③ パラメータ'!C32,"—",ROUND(IF('③ パラメータ'!C34="固定",$C8+'③ パラメータ'!B26*(10),$C8*(1+'③ パラメータ'!D26*(10))),0)) | N8: =IF(M8="—","—",M8/D8)
B9: ATK | C9: 7 | D9: =IF(1>'③ パラメータ'!C32,"—",ROUND(IF('③ パラメータ'!C34="固定",$C9+'③ パラメータ'!C26*(1),$C9*(1+'③ パラメータ'!E26*(1))),0)) | E9: =IF(2>'③ パラメータ'!C32,"—",ROUND(IF('③ パラメータ'!C34="固定",$C9+'③ パラメータ'!C26*(2),$C9*(1+'③ パラメータ'!E26*(2))),0)) | F9: =IF(3>'③ パラメータ'!C32,"—",ROUND(IF('③ パラメータ'!C34="固定",$C9+'③ パラメータ'!C26*(3),$C9*(1+'③ パラメータ'!E26*(3))),0)) | G9: =IF(4>'③ パラメータ'!C32,"—",ROUND(IF('③ パラメータ'!C34="固定",$C9+'③ パラメータ'!C26*(4),$C9*(1+'③ パラメータ'!E26*(4))),0)) | H9: =IF(5>'③ パラメータ'!C32,"—",ROUND(IF('③ パラメータ'!C34="固定",$C9+'③ パラメータ'!C26*(5),$C9*(1+'③ パラメータ'!E26*(5))),0)) | I9: =IF(6>'③ パラメータ'!C32,"—",ROUND(IF('③ パラメータ'!C34="固定",$C9+'③ パラメータ'!C26*(6),$C9*(1+'③ パラメータ'!E26*(6))),0)) | J9: =IF(7>'③ パラメータ'!C32,"—",ROUND(IF('③ パラメータ'!C34="固定",$C9+'③ パラメータ'!C26*(7),$C9*(1+'③ パラメータ'!E26*(7))),0)) | K9: =IF(8>'③ パラメータ'!C32,"—",ROUND(IF('③ パラメータ'!C34="固定",$C9+'③ パラメータ'!C26*(8),$C9*(1+'③ パラメータ'!E26*(8))),0)) | L9: =IF(9>'③ パラメータ'!C32,"—",ROUND(IF('③ パラメータ'!C34="固定",$C9+'③ パラメータ'!C26*(9),$C9*(1+'③ パラメータ'!E26*(9))),0)) | M9: =IF(10>'③ パラメータ'!C32,"—",ROUND(IF('③ パラメータ'!C34="固定",$C9+'③ パラメータ'!C26*(10),$C9*(1+'③ パラメータ'!E26*(10))),0)) | N9: =IF(M9="—","—",M9/D9)
B10: SPD | C10: 55.7 | D10: =IF(1>'③ パラメータ'!C32,"—",MIN(100,$C10+(INT((1-1)/'③ パラメータ'!C36)+1)*'③ パラメータ'!C35)) | E10: =IF(2>'③ パラメータ'!C32,"—",MIN(100,$C10+(INT((2-1)/'③ パラメータ'!C36)+1)*'③ パラメータ'!C35)) | F10: =IF(3>'③ パラメータ'!C32,"—",MIN(100,$C10+(INT((3-1)/'③ パラメータ'!C36)+1)*'③ パラメータ'!C35)) | G10: =IF(4>'③ パラメータ'!C32,"—",MIN(100,$C10+(INT((4-1)/'③ パラメータ'!C36)+1)*'③ パラメータ'!C35)) | H10: =IF(5>'③ パラメータ'!C32,"—",MIN(100,$C10+(INT((5-1)/'③ パラメータ'!C36)+1)*'③ パラメータ'!C35)) | I10: =IF(6>'③ パラメータ'!C32,"—",MIN(100,$C10+(INT((6-1)/'③ パラメータ'!C36)+1)*'③ パラメータ'!C35)) | J10: =IF(7>'③ パラメータ'!C32,"—",MIN(100,$C10+(INT((7-1)/'③ パラメータ'!C36)+1)*'③ パラメータ'!C35)) | K10: =IF(8>'③ パラメータ'!C32,"—",MIN(100,$C10+(INT((8-1)/'③ パラメータ'!C36)+1)*'③ パラメータ'!C35)) | L10: =IF(9>'③ パラメータ'!C32,"—",MIN(100,$C10+(INT((9-1)/'③ パラメータ'!C36)+1)*'③ パラメータ'!C35)) | M10: =IF(10>'③ パラメータ'!C32,"—",MIN(100,$C10+(INT((10-1)/'③ パラメータ'!C36)+1)*'③ パラメータ'!C35)) | N10: =IF(M10="—","—",M10/D10)
A11: Aランク | B11: HP | C11: 37.1 | D11: =IF(1>'③ パラメータ'!C32,"—",ROUND(IF('③ パラメータ'!C34="固定",$C11+'③ パラメータ'!B27*(1),$C11*(1+'③ パラメータ'!D27*(1))),0)) | E11: =IF(2>'③ パラメータ'!C32,"—",ROUND(IF('③ パラメータ'!C34="固定",$C11+'③ パラメータ'!B27*(2),$C11*(1+'③ パラメータ'!D27*(2))),0)) | F11: =IF(3>'③ パラメータ'!C32,"—",ROUND(IF('③ パラメータ'!C34="固定",$C11+'③ パラメータ'!B27*(3),$C11*(1+'③ パラメータ'!D27*(3))),0)) | G11: =IF(4>'③ パラメータ'!C32,"—",ROUND(IF('③ パラメータ'!C34="固定",$C11+'③ パラメータ'!B27*(4),$C11*(1+'③ パラメータ'!D27*(4))),0)) | H11: =IF(5>'③ パラメータ'!C32,"—",ROUND(IF('③ パラメータ'!C34="固定",$C11+'③ パラメータ'!B27*(5),$C11*(1+'③ パラメータ'!D27*(5))),0)) | I11: =IF(6>'③ パラメータ'!C32,"—",ROUND(IF('③ パラメータ'!C34="固定",$C11+'③ パラメータ'!B27*(6),$C11*(1+'③ パラメータ'!D27*(6))),0)) | J11: =IF(7>'③ パラメータ'!C32,"—",ROUND(IF('③ パラメータ'!C34="固定",$C11+'③ パラメータ'!B27*(7),$C11*(1+'③ パラメータ'!D27*(7))),0)) | K11: =IF(8>'③ パラメータ'!C32,"—",ROUND(IF('③ パラメータ'!C34="固定",$C11+'③ パラメータ'!B27*(8),$C11*(1+'③ パラメータ'!D27*(8))),0)) | L11: =IF(9>'③ パラメータ'!C32,"—",ROUND(IF('③ パラメータ'!C34="固定",$C11+'③ パラメータ'!B27*(9),$C11*(1+'③ パラメータ'!D27*(9))),0)) | M11: =IF(10>'③ パラメータ'!C32,"—",ROUND(IF('③ パラメータ'!C34="固定",$C11+'③ パラメータ'!B27*(10),$C11*(1+'③ パラメータ'!D27*(10))),0)) | N11: =IF(M11="—","—",M11/D11)
B12: ATK | C12: 8.6 | D12: =IF(1>'③ パラメータ'!C32,"—",ROUND(IF('③ パラメータ'!C34="固定",$C12+'③ パラメータ'!C27*(1),$C12*(1+'③ パラメータ'!E27*(1))),0)) | E12: =IF(2>'③ パラメータ'!C32,"—",ROUND(IF('③ パラメータ'!C34="固定",$C12+'③ パラメータ'!C27*(2),$C12*(1+'③ パラメータ'!E27*(2))),0)) | F12: =IF(3>'③ パラメータ'!C32,"—",ROUND(IF('③ パラメータ'!C34="固定",$C12+'③ パラメータ'!C27*(3),$C12*(1+'③ パラメータ'!E27*(3))),0)) | G12: =IF(4>'③ パラメータ'!C32,"—",ROUND(IF('③ パラメータ'!C34="固定",$C12+'③ パラメータ'!C27*(4),$C12*(1+'③ パラメータ'!E27*(4))),0)) | H12: =IF(5>'③ パラメータ'!C32,"—",ROUND(IF('③ パラメータ'!C34="固定",$C12+'③ パラメータ'!C27*(5),$C12*(1+'③ パラメータ'!E27*(5))),0)) | I12: =IF(6>'③ パラメータ'!C32,"—",ROUND(IF('③ パラメータ'!C34="固定",$C12+'③ パラメータ'!C27*(6),$C12*(1+'③ パラメータ'!E27*(6))),0)) | J12: =IF(7>'③ パラメータ'!C32,"—",ROUND(IF('③ パラメータ'!C34="固定",$C12+'③ パラメータ'!C27*(7),$C12*(1+'③ パラメータ'!E27*(7))),0)) | K12: =IF(8>'③ パラメータ'!C32,"—",ROUND(IF('③ パラメータ'!C34="固定",$C12+'③ パラメータ'!C27*(8),$C12*(1+'③ パラメータ'!E27*(8))),0)) | L12: =IF(9>'③ パラメータ'!C32,"—",ROUND(IF('③ パラメータ'!C34="固定",$C12+'③ パラメータ'!C27*(9),$C12*(1+'③ パラメータ'!E27*(9))),0)) | M12: =IF(10>'③ パラメータ'!C32,"—",ROUND(IF('③ パラメータ'!C34="固定",$C12+'③ パラメータ'!C27*(10),$C12*(1+'③ パラメータ'!E27*(10))),0)) | N12: =IF(M12="—","—",M12/D12)
B13: SPD | C13: 60.7 | D13: =IF(1>'③ パラメータ'!C32,"—",MIN(100,$C13+(INT((1-1)/'③ パラメータ'!C36)+1)*'③ パラメータ'!C35)) | E13: =IF(2>'③ パラメータ'!C32,"—",MIN(100,$C13+(INT((2-1)/'③ パラメータ'!C36)+1)*'③ パラメータ'!C35)) | F13: =IF(3>'③ パラメータ'!C32,"—",MIN(100,$C13+(INT((3-1)/'③ パラメータ'!C36)+1)*'③ パラメータ'!C35)) | G13: =IF(4>'③ パラメータ'!C32,"—",MIN(100,$C13+(INT((4-1)/'③ パラメータ'!C36)+1)*'③ パラメータ'!C35)) | H13: =IF(5>'③ パラメータ'!C32,"—",MIN(100,$C13+(INT((5-1)/'③ パラメータ'!C36)+1)*'③ パラメータ'!C35)) | I13: =IF(6>'③ パラメータ'!C32,"—",MIN(100,$C13+(INT((6-1)/'③ パラメータ'!C36)+1)*'③ パラメータ'!C35)) | J13: =IF(7>'③ パラメータ'!C32,"—",MIN(100,$C13+(INT((7-1)/'③ パラメータ'!C36)+1)*'③ パラメータ'!C35)) | K13: =IF(8>'③ パラメータ'!C32,"—",MIN(100,$C13+(INT((8-1)/'③ パラメータ'!C36)+1)*'③ パラメータ'!C35)) | L13: =IF(9>'③ パラメータ'!C32,"—",MIN(100,$C13+(INT((9-1)/'③ パラメータ'!C36)+1)*'③ パラメータ'!C35)) | M13: =IF(10>'③ パラメータ'!C32,"—",MIN(100,$C13+(INT((10-1)/'③ パラメータ'!C36)+1)*'③ パラメータ'!C35)) | N13: =IF(M13="—","—",M13/D13)
A14: Sランク | B14: HP | C14: 46.4 | D14: =IF(1>'③ パラメータ'!C32,"—",ROUND(IF('③ パラメータ'!C34="固定",$C14+'③ パラメータ'!B28*(1),$C14*(1+'③ パラメータ'!D28*(1))),0)) | E14: =IF(2>'③ パラメータ'!C32,"—",ROUND(IF('③ パラメータ'!C34="固定",$C14+'③ パラメータ'!B28*(2),$C14*(1+'③ パラメータ'!D28*(2))),0)) | F14: =IF(3>'③ パラメータ'!C32,"—",ROUND(IF('③ パラメータ'!C34="固定",$C14+'③ パラメータ'!B28*(3),$C14*(1+'③ パラメータ'!D28*(3))),0)) | G14: =IF(4>'③ パラメータ'!C32,"—",ROUND(IF('③ パラメータ'!C34="固定",$C14+'③ パラメータ'!B28*(4),$C14*(1+'③ パラメータ'!D28*(4))),0)) | H14: =IF(5>'③ パラメータ'!C32,"—",ROUND(IF('③ パラメータ'!C34="固定",$C14+'③ パラメータ'!B28*(5),$C14*(1+'③ パラメータ'!D28*(5))),0)) | I14: =IF(6>'③ パラメータ'!C32,"—",ROUND(IF('③ パラメータ'!C34="固定",$C14+'③ パラメータ'!B28*(6),$C14*(1+'③ パラメータ'!D28*(6))),0)) | J14: =IF(7>'③ パラメータ'!C32,"—",ROUND(IF('③ パラメータ'!C34="固定",$C14+'③ パラメータ'!B28*(7),$C14*(1+'③ パラメータ'!D28*(7))),0)) | K14: =IF(8>'③ パラメータ'!C32,"—",ROUND(IF('③ パラメータ'!C34="固定",$C14+'③ パラメータ'!B28*(8),$C14*(1+'③ パラメータ'!D28*(8))),0)) | L14: =IF(9>'③ パラメータ'!C32,"—",ROUND(IF('③ パラメータ'!C34="固定",$C14+'③ パラメータ'!B28*(9),$C14*(1+'③ パラメータ'!D28*(9))),0)) | M14: =IF(10>'③ パラメータ'!C32,"—",ROUND(IF('③ パラメータ'!C34="固定",$C14+'③ パラメータ'!B28*(10),$C14*(1+'③ パラメータ'!D28*(10))),0)) | N14: =IF(M14="—","—",M14/D14)
B15: ATK | C15: 8.4 | D15: =IF(1>'③ パラメータ'!C32,"—",ROUND(IF('③ パラメータ'!C34="固定",$C15+'③ パラメータ'!C28*(1),$C15*(1+'③ パラメータ'!E28*(1))),0)) | E15: =IF(2>'③ パラメータ'!C32,"—",ROUND(IF('③ パラメータ'!C34="固定",$C15+'③ パラメータ'!C28*(2),$C15*(1+'③ パラメータ'!E28*(2))),0)) | F15: =IF(3>'③ パラメータ'!C32,"—",ROUND(IF('③ パラメータ'!C34="固定",$C15+'③ パラメータ'!C28*(3),$C15*(1+'③ パラメータ'!E28*(3))),0)) | G15: =IF(4>'③ パラメータ'!C32,"—",ROUND(IF('③ パラメータ'!C34="固定",$C15+'③ パラメータ'!C28*(4),$C15*(1+'③ パラメータ'!E28*(4))),0)) | H15: =IF(5>'③ パラメータ'!C32,"—",ROUND(IF('③ パラメータ'!C34="固定",$C15+'③ パラメータ'!C28*(5),$C15*(1+'③ パラメータ'!E28*(5))),0)) | I15: =IF(6>'③ パラメータ'!C32,"—",ROUND(IF('③ パラメータ'!C34="固定",$C15+'③ パラメータ'!C28*(6),$C15*(1+'③ パラメータ'!E28*(6))),0)) | J15: =IF(7>'③ パラメータ'!C32,"—",ROUND(IF('③ パラメータ'!C34="固定",$C15+'③ パラメータ'!C28*(7),$C15*(1+'③ パラメータ'!E28*(7))),0)) | K15: =IF(8>'③ パラメータ'!C32,"—",ROUND(IF('③ パラメータ'!C34="固定",$C15+'③ パラメータ'!C28*(8),$C15*(1+'③ パラメータ'!E28*(8))),0)) | L15: =IF(9>'③ パラメータ'!C32,"—",ROUND(IF('③ パラメータ'!C34="固定",$C15+'③ パラメータ'!C28*(9),$C15*(1+'③ パラメータ'!E28*(9))),0)) | M15: =IF(10>'③ パラメータ'!C32,"—",ROUND(IF('③ パラメータ'!C34="固定",$C15+'③ パラメータ'!C28*(10),$C15*(1+'③ パラメータ'!E28*(10))),0)) | N15: =IF(M15="—","—",M15/D15)
B16: SPD | C16: 51.4 | D16: =IF(1>'③ パラメータ'!C32,"—",MIN(100,$C16+(INT((1-1)/'③ パラメータ'!C36)+1)*'③ パラメータ'!C35)) | E16: =IF(2>'③ パラメータ'!C32,"—",MIN(100,$C16+(INT((2-1)/'③ パラメータ'!C36)+1)*'③ パラメータ'!C35)) | F16: =IF(3>'③ パラメータ'!C32,"—",MIN(100,$C16+(INT((3-1)/'③ パラメータ'!C36)+1)*'③ パラメータ'!C35)) | G16: =IF(4>'③ パラメータ'!C32,"—",MIN(100,$C16+(INT((4-1)/'③ パラメータ'!C36)+1)*'③ パラメータ'!C35)) | H16: =IF(5>'③ パラメータ'!C32,"—",MIN(100,$C16+(INT((5-1)/'③ パラメータ'!C36)+1)*'③ パラメータ'!C35)) | I16: =IF(6>'③ パラメータ'!C32,"—",MIN(100,$C16+(INT((6-1)/'③ パラメータ'!C36)+1)*'③ パラメータ'!C35)) | J16: =IF(7>'③ パラメータ'!C32,"—",MIN(100,$C16+(INT((7-1)/'③ パラメータ'!C36)+1)*'③ パラメータ'!C35)) | K16: =IF(8>'③ パラメータ'!C32,"—",MIN(100,$C16+(INT((8-1)/'③ パラメータ'!C36)+1)*'③ パラメータ'!C35)) | L16: =IF(9>'③ パラメータ'!C32,"—",MIN(100,$C16+(INT((9-1)/'③ パラメータ'!C36)+1)*'③ パラメータ'!C35)) | M16: =IF(10>'③ パラメータ'!C32,"—",MIN(100,$C16+(INT((10-1)/'③ パラメータ'!C36)+1)*'③ パラメータ'!C35)) | N16: =IF(M16="—","—",M16/D16)
A18: ■ 見るときのポイント
A19: ・ATKの素の値は4〜11しかありません。固定で+1すると1回で10〜25%増える計算になります。
A20: ・SはAよりATKもSPDも低めです（S:ATK8.4/SPD51 A:ATK8.6/SPD61）。SはHPとスキルとCOSTで差がついています。
A21: ・SPDは上限100で頭打ちになります。もともと速い使い魔ほど伸びしろが小さくなります。
A22: ・スキルはATK・最大HPの割合で効くため、能力値を上げるとスキル威力も一緒に上がります。

Sheet ⑥ デッキ試算
A1: ⑥ デッキ試算 — 合計COST20以内の編成と、その平均ステータス
A2: ランクの組み合わせごとに、⑤成長試算の平均能力値を足し合わせています。
A3: 「合計」は5体ぶんの合計、「平均」は1体あたりです。SPDは平均で見てください。
A5: S | B5: A | C5: B | D5: C | E5: 体数 | F5: COST | G5: Lv1 HP計 | H5: Lv1 ATK計 | I5: Lv1 SPD平均 | J5: Lv10 HP計 | K5: Lv10 ATK計 | L5: Lv10 SPD平均 | M5: 備考
A6: 3 | B6: 0 | C6: 1 | D6: 1 | E6: 5 | F6: 20 | G6: =A6*'⑤ 成長試算'!D14+B6*'⑤ 成長試算'!D11+C6*'⑤ 成長試算'!D8+D6*'⑤ 成長試算'!D5 | H6: =A6*'⑤ 成長試算'!D15+B6*'⑤ 成長試算'!D12+C6*'⑤ 成長試算'!D9+D6*'⑤ 成長試算'!D6 | I6: =(A6*'⑤ 成長試算'!D16+B6*'⑤ 成長試算'!D13+C6*'⑤ 成長試算'!D10+D6*'⑤ 成長試算'!D7)/E6 | J6: =IF('⑤ 成長試算'!M14="—","—",A6*'⑤ 成長試算'!M14+B6*'⑤ 成長試算'!M11+C6*'⑤ 成長試算'!M8+D6*'⑤ 成長試算'!M5) | K6: =IF('⑤ 成長試算'!M15="—","—",A6*'⑤ 成長試算'!M15+B6*'⑤ 成長試算'!M12+C6*'⑤ 成長試算'!M9+D6*'⑤ 成長試算'!M6) | L6: =IF('⑤ 成長試算'!M16="—","—",(A6*'⑤ 成長試算'!M16+B6*'⑤ 成長試算'!M13+C6*'⑤ 成長試算'!M10+D6*'⑤ 成長試算'!M7)/E6) | M6: COST上限ぴったり
A7: 2 | B7: 2 | C7: 0 | D7: 1 | E7: 5 | F7: 20 | G7: =A7*'⑤ 成長試算'!D14+B7*'⑤ 成長試算'!D11+C7*'⑤ 成長試算'!D8+D7*'⑤ 成長試算'!D5 | H7: =A7*'⑤ 成長試算'!D15+B7*'⑤ 成長試算'!D12+C7*'⑤ 成長試算'!D9+D7*'⑤ 成長試算'!D6 | I7: =(A7*'⑤ 成長試算'!D16+B7*'⑤ 成長試算'!D13+C7*'⑤ 成長試算'!D10+D7*'⑤ 成長試算'!D7)/E7 | J7: =IF('⑤ 成長試算'!M14="—","—",A7*'⑤ 成長試算'!M14+B7*'⑤ 成長試算'!M11+C7*'⑤ 成長試算'!M8+D7*'⑤ 成長試算'!M5) | K7: =IF('⑤ 成長試算'!M15="—","—",A7*'⑤ 成長試算'!M15+B7*'⑤ 成長試算'!M12+C7*'⑤ 成長試算'!M9+D7*'⑤ 成長試算'!M6) | L7: =IF('⑤ 成長試算'!M16="—","—",(A7*'⑤ 成長試算'!M16+B7*'⑤ 成長試算'!M13+C7*'⑤ 成長試算'!M10+D7*'⑤ 成長試算'!M7)/E7) | M7: COST上限ぴったり
A8: 2 | B8: 1 | C8: 2 | D8: 0 | E8: 5 | F8: 20 | G8: =A8*'⑤ 成長試算'!D14+B8*'⑤ 成長試算'!D11+C8*'⑤ 成長試算'!D8+D8*'⑤ 成長試算'!D5 | H8: =A8*'⑤ 成長試算'!D15+B8*'⑤ 成長試算'!D12+C8*'⑤ 成長試算'!D9+D8*'⑤ 成長試算'!D6 | I8: =(A8*'⑤ 成長試算'!D16+B8*'⑤ 成長試算'!D13+C8*'⑤ 成長試算'!D10+D8*'⑤ 成長試算'!D7)/E8 | J8: =IF('⑤ 成長試算'!M14="—","—",A8*'⑤ 成長試算'!M14+B8*'⑤ 成長試算'!M11+C8*'⑤ 成長試算'!M8+D8*'⑤ 成長試算'!M5) | K8: =IF('⑤ 成長試算'!M15="—","—",A8*'⑤ 成長試算'!M15+B8*'⑤ 成長試算'!M12+C8*'⑤ 成長試算'!M9+D8*'⑤ 成長試算'!M6) | L8: =IF('⑤ 成長試算'!M16="—","—",(A8*'⑤ 成長試算'!M16+B8*'⑤ 成長試算'!M13+C8*'⑤ 成長試算'!M10+D8*'⑤ 成長試算'!M7)/E8) | M8: COST上限ぴったり
A9: 1 | B9: 3 | C9: 1 | D9: 0 | E9: 5 | F9: 20 | G9: =A9*'⑤ 成長試算'!D14+B9*'⑤ 成長試算'!D11+C9*'⑤ 成長試算'!D8+D9*'⑤ 成長試算'!D5 | H9: =A9*'⑤ 成長試算'!D15+B9*'⑤ 成長試算'!D12+C9*'⑤ 成長試算'!D9+D9*'⑤ 成長試算'!D6 | I9: =(A9*'⑤ 成長試算'!D16+B9*'⑤ 成長試算'!D13+C9*'⑤ 成長試算'!D10+D9*'⑤ 成長試算'!D7)/E9 | J9: =IF('⑤ 成長試算'!M14="—","—",A9*'⑤ 成長試算'!M14+B9*'⑤ 成長試算'!M11+C9*'⑤ 成長試算'!M8+D9*'⑤ 成長試算'!M5) | K9: =IF('⑤ 成長試算'!M15="—","—",A9*'⑤ 成長試算'!M15+B9*'⑤ 成長試算'!M12+C9*'⑤ 成長試算'!M9+D9*'⑤ 成長試算'!M6) | L9: =IF('⑤ 成長試算'!M16="—","—",(A9*'⑤ 成長試算'!M16+B9*'⑤ 成長試算'!M13+C9*'⑤ 成長試算'!M10+D9*'⑤ 成長試算'!M7)/E9) | M9: COST上限ぴったり
A10: 0 | B10: 5 | C10: 0 | D10: 0 | E10: 5 | F10: 20 | G10: =A10*'⑤ 成長試算'!D14+B10*'⑤ 成長試算'!D11+C10*'⑤ 成長試算'!D8+D10*'⑤ 成長試算'!D5 | H10: =A10*'⑤ 成長試算'!D15+B10*'⑤ 成長試算'!D12+C10*'⑤ 成長試算'!D9+D10*'⑤ 成長試算'!D6 | I10: =(A10*'⑤ 成長試算'!D16+B10*'⑤ 成長試算'!D13+C10*'⑤ 成長試算'!D10+D10*'⑤ 成長試算'!D7)/E10 | J10: =IF('⑤ 成長試算'!M14="—","—",A10*'⑤ 成長試算'!M14+B10*'⑤ 成長試算'!M11+C10*'⑤ 成長試算'!M8+D10*'⑤ 成長試算'!M5) | K10: =IF('⑤ 成長試算'!M15="—","—",A10*'⑤ 成長試算'!M15+B10*'⑤ 成長試算'!M12+C10*'⑤ 成長試算'!M9+D10*'⑤ 成長試算'!M6) | L10: =IF('⑤ 成長試算'!M16="—","—",(A10*'⑤ 成長試算'!M16+B10*'⑤ 成長試算'!M13+C10*'⑤ 成長試算'!M10+D10*'⑤ 成長試算'!M7)/E10) | M10: COST上限ぴったり
A11: 3 | B11: 0 | C11: 0 | D11: 2 | E11: 5 | F11: 19 | G11: =A11*'⑤ 成長試算'!D14+B11*'⑤ 成長試算'!D11+C11*'⑤ 成長試算'!D8+D11*'⑤ 成長試算'!D5 | H11: =A11*'⑤ 成長試算'!D15+B11*'⑤ 成長試算'!D12+C11*'⑤ 成長試算'!D9+D11*'⑤ 成長試算'!D6 | I11: =(A11*'⑤ 成長試算'!D16+B11*'⑤ 成長試算'!D13+C11*'⑤ 成長試算'!D10+D11*'⑤ 成長試算'!D7)/E11 | J11: =IF('⑤ 成長試算'!M14="—","—",A11*'⑤ 成長試算'!M14+B11*'⑤ 成長試算'!M11+C11*'⑤ 成長試算'!M8+D11*'⑤ 成長試算'!M5) | K11: =IF('⑤ 成長試算'!M15="—","—",A11*'⑤ 成長試算'!M15+B11*'⑤ 成長試算'!M12+C11*'⑤ 成長試算'!M9+D11*'⑤ 成長試算'!M6) | L11: =IF('⑤ 成長試算'!M16="—","—",(A11*'⑤ 成長試算'!M16+B11*'⑤ 成長試算'!M13+C11*'⑤ 成長試算'!M10+D11*'⑤ 成長試算'!M7)/E11)
A12: 2 | B12: 1 | C12: 1 | D12: 1 | E12: 5 | F12: 19 | G12: =A12*'⑤ 成長試算'!D14+B12*'⑤ 成長試算'!D11+C12*'⑤ 成長試算'!D8+D12*'⑤ 成長試算'!D5 | H12: =A12*'⑤ 成長試算'!D15+B12*'⑤ 成長試算'!D12+C12*'⑤ 成長試算'!D9+D12*'⑤ 成長試算'!D6 | I12: =(A12*'⑤ 成長試算'!D16+B12*'⑤ 成長試算'!D13+C12*'⑤ 成長試算'!D10+D12*'⑤ 成長試算'!D7)/E12 | J12: =IF('⑤ 成長試算'!M14="—","—",A12*'⑤ 成長試算'!M14+B12*'⑤ 成長試算'!M11+C12*'⑤ 成長試算'!M8+D12*'⑤ 成長試算'!M5) | K12: =IF('⑤ 成長試算'!M15="—","—",A12*'⑤ 成長試算'!M15+B12*'⑤ 成長試算'!M12+C12*'⑤ 成長試算'!M9+D12*'⑤ 成長試算'!M6) | L12: =IF('⑤ 成長試算'!M16="—","—",(A12*'⑤ 成長試算'!M16+B12*'⑤ 成長試算'!M13+C12*'⑤ 成長試算'!M10+D12*'⑤ 成長試算'!M7)/E12)
A13: 2 | B13: 0 | C13: 3 | D13: 0 | E13: 5 | F13: 19 | G13: =A13*'⑤ 成長試算'!D14+B13*'⑤ 成長試算'!D11+C13*'⑤ 成長試算'!D8+D13*'⑤ 成長試算'!D5 | H13: =A13*'⑤ 成長試算'!D15+B13*'⑤ 成長試算'!D12+C13*'⑤ 成長試算'!D9+D13*'⑤ 成長試算'!D6 | I13: =(A13*'⑤ 成長試算'!D16+B13*'⑤ 成長試算'!D13+C13*'⑤ 成長試算'!D10+D13*'⑤ 成長試算'!D7)/E13 | J13: =IF('⑤ 成長試算'!M14="—","—",A13*'⑤ 成長試算'!M14+B13*'⑤ 成長試算'!M11+C13*'⑤ 成長試算'!M8+D13*'⑤ 成長試算'!M5) | K13: =IF('⑤ 成長試算'!M15="—","—",A13*'⑤ 成長試算'!M15+B13*'⑤ 成長試算'!M12+C13*'⑤ 成長試算'!M9+D13*'⑤ 成長試算'!M6) | L13: =IF('⑤ 成長試算'!M16="—","—",(A13*'⑤ 成長試算'!M16+B13*'⑤ 成長試算'!M13+C13*'⑤ 成長試算'!M10+D13*'⑤ 成長試算'!M7)/E13)
A14: 1 | B14: 3 | C14: 0 | D14: 1 | E14: 5 | F14: 19 | G14: =A14*'⑤ 成長試算'!D14+B14*'⑤ 成長試算'!D11+C14*'⑤ 成長試算'!D8+D14*'⑤ 成長試算'!D5 | H14: =A14*'⑤ 成長試算'!D15+B14*'⑤ 成長試算'!D12+C14*'⑤ 成長試算'!D9+D14*'⑤ 成長試算'!D6 | I14: =(A14*'⑤ 成長試算'!D16+B14*'⑤ 成長試算'!D13+C14*'⑤ 成長試算'!D10+D14*'⑤ 成長試算'!D7)/E14 | J14: =IF('⑤ 成長試算'!M14="—","—",A14*'⑤ 成長試算'!M14+B14*'⑤ 成長試算'!M11+C14*'⑤ 成長試算'!M8+D14*'⑤ 成長試算'!M5) | K14: =IF('⑤ 成長試算'!M15="—","—",A14*'⑤ 成長試算'!M15+B14*'⑤ 成長試算'!M12+C14*'⑤ 成長試算'!M9+D14*'⑤ 成長試算'!M6) | L14: =IF('⑤ 成長試算'!M16="—","—",(A14*'⑤ 成長試算'!M16+B14*'⑤ 成長試算'!M13+C14*'⑤ 成長試算'!M10+D14*'⑤ 成長試算'!M7)/E14)
A15: 1 | B15: 2 | C15: 2 | D15: 0 | E15: 5 | F15: 19 | G15: =A15*'⑤ 成長試算'!D14+B15*'⑤ 成長試算'!D11+C15*'⑤ 成長試算'!D8+D15*'⑤ 成長試算'!D5 | H15: =A15*'⑤ 成長試算'!D15+B15*'⑤ 成長試算'!D12+C15*'⑤ 成長試算'!D9+D15*'⑤ 成長試算'!D6 | I15: =(A15*'⑤ 成長試算'!D16+B15*'⑤ 成長試算'!D13+C15*'⑤ 成長試算'!D10+D15*'⑤ 成長試算'!D7)/E15 | J15: =IF('⑤ 成長試算'!M14="—","—",A15*'⑤ 成長試算'!M14+B15*'⑤ 成長試算'!M11+C15*'⑤ 成長試算'!M8+D15*'⑤ 成長試算'!M5) | K15: =IF('⑤ 成長試算'!M15="—","—",A15*'⑤ 成長試算'!M15+B15*'⑤ 成長試算'!M12+C15*'⑤ 成長試算'!M9+D15*'⑤ 成長試算'!M6) | L15: =IF('⑤ 成長試算'!M16="—","—",(A15*'⑤ 成長試算'!M16+B15*'⑤ 成長試算'!M13+C15*'⑤ 成長試算'!M10+D15*'⑤ 成長試算'!M7)/E15)
A16: 0 | B16: 4 | C16: 1 | D16: 0 | E16: 5 | F16: 19 | G16: =A16*'⑤ 成長試算'!D14+B16*'⑤ 成長試算'!D11+C16*'⑤ 成長試算'!D8+D16*'⑤ 成長試算'!D5 | H16: =A16*'⑤ 成長試算'!D15+B16*'⑤ 成長試算'!D12+C16*'⑤ 成長試算'!D9+D16*'⑤ 成長試算'!D6 | I16: =(A16*'⑤ 成長試算'!D16+B16*'⑤ 成長試算'!D13+C16*'⑤ 成長試算'!D10+D16*'⑤ 成長試算'!D7)/E16 | J16: =IF('⑤ 成長試算'!M14="—","—",A16*'⑤ 成長試算'!M14+B16*'⑤ 成長試算'!M11+C16*'⑤ 成長試算'!M8+D16*'⑤ 成長試算'!M5) | K16: =IF('⑤ 成長試算'!M15="—","—",A16*'⑤ 成長試算'!M15+B16*'⑤ 成長試算'!M12+C16*'⑤ 成長試算'!M9+D16*'⑤ 成長試算'!M6) | L16: =IF('⑤ 成長試算'!M16="—","—",(A16*'⑤ 成長試算'!M16+B16*'⑤ 成長試算'!M13+C16*'⑤ 成長試算'!M10+D16*'⑤ 成長試算'!M7)/E16)
A17: 2 | B17: 1 | C17: 0 | D17: 2 | E17: 5 | F17: 18 | G17: =A17*'⑤ 成長試算'!D14+B17*'⑤ 成長試算'!D11+C17*'⑤ 成長試算'!D8+D17*'⑤ 成長試算'!D5 | H17: =A17*'⑤ 成長試算'!D15+B17*'⑤ 成長試算'!D12+C17*'⑤ 成長試算'!D9+D17*'⑤ 成長試算'!D6 | I17: =(A17*'⑤ 成長試算'!D16+B17*'⑤ 成長試算'!D13+C17*'⑤ 成長試算'!D10+D17*'⑤ 成長試算'!D7)/E17 | J17: =IF('⑤ 成長試算'!M14="—","—",A17*'⑤ 成長試算'!M14+B17*'⑤ 成長試算'!M11+C17*'⑤ 成長試算'!M8+D17*'⑤ 成長試算'!M5) | K17: =IF('⑤ 成長試算'!M15="—","—",A17*'⑤ 成長試算'!M15+B17*'⑤ 成長試算'!M12+C17*'⑤ 成長試算'!M9+D17*'⑤ 成長試算'!M6) | L17: =IF('⑤ 成長試算'!M16="—","—",(A17*'⑤ 成長試算'!M16+B17*'⑤ 成長試算'!M13+C17*'⑤ 成長試算'!M10+D17*'⑤ 成長試算'!M7)/E17)
A18: 2 | B18: 0 | C18: 2 | D18: 1 | E18: 5 | F18: 18 | G18: =A18*'⑤ 成長試算'!D14+B18*'⑤ 成長試算'!D11+C18*'⑤ 成長試算'!D8+D18*'⑤ 成長試算'!D5 | H18: =A18*'⑤ 成長試算'!D15+B18*'⑤ 成長試算'!D12+C18*'⑤ 成長試算'!D9+D18*'⑤ 成長試算'!D6 | I18: =(A18*'⑤ 成長試算'!D16+B18*'⑤ 成長試算'!D13+C18*'⑤ 成長試算'!D10+D18*'⑤ 成長試算'!D7)/E18 | J18: =IF('⑤ 成長試算'!M14="—","—",A18*'⑤ 成長試算'!M14+B18*'⑤ 成長試算'!M11+C18*'⑤ 成長試算'!M8+D18*'⑤ 成長試算'!M5) | K18: =IF('⑤ 成長試算'!M15="—","—",A18*'⑤ 成長試算'!M15+B18*'⑤ 成長試算'!M12+C18*'⑤ 成長試算'!M9+D18*'⑤ 成長試算'!M6) | L18: =IF('⑤ 成長試算'!M16="—","—",(A18*'⑤ 成長試算'!M16+B18*'⑤ 成長試算'!M13+C18*'⑤ 成長試算'!M10+D18*'⑤ 成長試算'!M7)/E18)
A19: 1 | B19: 2 | C19: 1 | D19: 1 | E19: 5 | F19: 18 | G19: =A19*'⑤ 成長試算'!D14+B19*'⑤ 成長試算'!D11+C19*'⑤ 成長試算'!D8+D19*'⑤ 成長試算'!D5 | H19: =A19*'⑤ 成長試算'!D15+B19*'⑤ 成長試算'!D12+C19*'⑤ 成長試算'!D9+D19*'⑤ 成長試算'!D6 | I19: =(A19*'⑤ 成長試算'!D16+B19*'⑤ 成長試算'!D13+C19*'⑤ 成長試算'!D10+D19*'⑤ 成長試算'!D7)/E19 | J19: =IF('⑤ 成長試算'!M14="—","—",A19*'⑤ 成長試算'!M14+B19*'⑤ 成長試算'!M11+C19*'⑤ 成長試算'!M8+D19*'⑤ 成長試算'!M5) | K19: =IF('⑤ 成長試算'!M15="—","—",A19*'⑤ 成長試算'!M15+B19*'⑤ 成長試算'!M12+C19*'⑤ 成長試算'!M9+D19*'⑤ 成長試算'!M6) | L19: =IF('⑤ 成長試算'!M16="—","—",(A19*'⑤ 成長試算'!M16+B19*'⑤ 成長試算'!M13+C19*'⑤ 成長試算'!M10+D19*'⑤ 成長試算'!M7)/E19)
A20: 1 | B20: 1 | C20: 3 | D20: 0 | E20: 5 | F20: 18 | G20: =A20*'⑤ 成長試算'!D14+B20*'⑤ 成長試算'!D11+C20*'⑤ 成長試算'!D8+D20*'⑤ 成長試算'!D5 | H20: =A20*'⑤ 成長試算'!D15+B20*'⑤ 成長試算'!D12+C20*'⑤ 成長試算'!D9+D20*'⑤ 成長試算'!D6 | I20: =(A20*'⑤ 成長試算'!D16+B20*'⑤ 成長試算'!D13+C20*'⑤ 成長試算'!D10+D20*'⑤ 成長試算'!D7)/E20 | J20: =IF('⑤ 成長試算'!M14="—","—",A20*'⑤ 成長試算'!M14+B20*'⑤ 成長試算'!M11+C20*'⑤ 成長試算'!M8+D20*'⑤ 成長試算'!M5) | K20: =IF('⑤ 成長試算'!M15="—","—",A20*'⑤ 成長試算'!M15+B20*'⑤ 成長試算'!M12+C20*'⑤ 成長試算'!M9+D20*'⑤ 成長試算'!M6) | L20: =IF('⑤ 成長試算'!M16="—","—",(A20*'⑤ 成長試算'!M16+B20*'⑤ 成長試算'!M13+C20*'⑤ 成長試算'!M10+D20*'⑤ 成長試算'!M7)/E20)
A21: 0 | B21: 4 | C21: 0 | D21: 1 | E21: 5 | F21: 18 | G21: =A21*'⑤ 成長試算'!D14+B21*'⑤ 成長試算'!D11+C21*'⑤ 成長試算'!D8+D21*'⑤ 成長試算'!D5 | H21: =A21*'⑤ 成長試算'!D15+B21*'⑤ 成長試算'!D12+C21*'⑤ 成長試算'!D9+D21*'⑤ 成長試算'!D6 | I21: =(A21*'⑤ 成長試算'!D16+B21*'⑤ 成長試算'!D13+C21*'⑤ 成長試算'!D10+D21*'⑤ 成長試算'!D7)/E21 | J21: =IF('⑤ 成長試算'!M14="—","—",A21*'⑤ 成長試算'!M14+B21*'⑤ 成長試算'!M11+C21*'⑤ 成長試算'!M8+D21*'⑤ 成長試算'!M5) | K21: =IF('⑤ 成長試算'!M15="—","—",A21*'⑤ 成長試算'!M15+B21*'⑤ 成長試算'!M12+C21*'⑤ 成長試算'!M9+D21*'⑤ 成長試算'!M6) | L21: =IF('⑤ 成長試算'!M16="—","—",(A21*'⑤ 成長試算'!M16+B21*'⑤ 成長試算'!M13+C21*'⑤ 成長試算'!M10+D21*'⑤ 成長試算'!M7)/E21)
A22: 0 | B22: 3 | C22: 2 | D22: 0 | E22: 5 | F22: 18 | G22: =A22*'⑤ 成長試算'!D14+B22*'⑤ 成長試算'!D11+C22*'⑤ 成長試算'!D8+D22*'⑤ 成長試算'!D5 | H22: =A22*'⑤ 成長試算'!D15+B22*'⑤ 成長試算'!D12+C22*'⑤ 成長試算'!D9+D22*'⑤ 成長試算'!D6 | I22: =(A22*'⑤ 成長試算'!D16+B22*'⑤ 成長試算'!D13+C22*'⑤ 成長試算'!D10+D22*'⑤ 成長試算'!D7)/E22 | J22: =IF('⑤ 成長試算'!M14="—","—",A22*'⑤ 成長試算'!M14+B22*'⑤ 成長試算'!M11+C22*'⑤ 成長試算'!M8+D22*'⑤ 成長試算'!M5) | K22: =IF('⑤ 成長試算'!M15="—","—",A22*'⑤ 成長試算'!M15+B22*'⑤ 成長試算'!M12+C22*'⑤ 成長試算'!M9+D22*'⑤ 成長試算'!M6) | L22: =IF('⑤ 成長試算'!M16="—","—",(A22*'⑤ 成長試算'!M16+B22*'⑤ 成長試算'!M13+C22*'⑤ 成長試算'!M10+D22*'⑤ 成長試算'!M7)/E22)
A23: 2 | B23: 0 | C23: 1 | D23: 2 | E23: 5 | F23: 17 | G23: =A23*'⑤ 成長試算'!D14+B23*'⑤ 成長試算'!D11+C23*'⑤ 成長試算'!D8+D23*'⑤ 成長試算'!D5 | H23: =A23*'⑤ 成長試算'!D15+B23*'⑤ 成長試算'!D12+C23*'⑤ 成長試算'!D9+D23*'⑤ 成長試算'!D6 | I23: =(A23*'⑤ 成長試算'!D16+B23*'⑤ 成長試算'!D13+C23*'⑤ 成長試算'!D10+D23*'⑤ 成長試算'!D7)/E23 | J23: =IF('⑤ 成長試算'!M14="—","—",A23*'⑤ 成長試算'!M14+B23*'⑤ 成長試算'!M11+C23*'⑤ 成長試算'!M8+D23*'⑤ 成長試算'!M5) | K23: =IF('⑤ 成長試算'!M15="—","—",A23*'⑤ 成長試算'!M15+B23*'⑤ 成長試算'!M12+C23*'⑤ 成長試算'!M9+D23*'⑤ 成長試算'!M6) | L23: =IF('⑤ 成長試算'!M16="—","—",(A23*'⑤ 成長試算'!M16+B23*'⑤ 成長試算'!M13+C23*'⑤ 成長試算'!M10+D23*'⑤ 成長試算'!M7)/E23)
A24: 1 | B24: 2 | C24: 0 | D24: 2 | E24: 5 | F24: 17 | G24: =A24*'⑤ 成長試算'!D14+B24*'⑤ 成長試算'!D11+C24*'⑤ 成長試算'!D8+D24*'⑤ 成長試算'!D5 | H24: =A24*'⑤ 成長試算'!D15+B24*'⑤ 成長試算'!D12+C24*'⑤ 成長試算'!D9+D24*'⑤ 成長試算'!D6 | I24: =(A24*'⑤ 成長試算'!D16+B24*'⑤ 成長試算'!D13+C24*'⑤ 成長試算'!D10+D24*'⑤ 成長試算'!D7)/E24 | J24: =IF('⑤ 成長試算'!M14="—","—",A24*'⑤ 成長試算'!M14+B24*'⑤ 成長試算'!M11+C24*'⑤ 成長試算'!M8+D24*'⑤ 成長試算'!M5) | K24: =IF('⑤ 成長試算'!M15="—","—",A24*'⑤ 成長試算'!M15+B24*'⑤ 成長試算'!M12+C24*'⑤ 成長試算'!M9+D24*'⑤ 成長試算'!M6) | L24: =IF('⑤ 成長試算'!M16="—","—",(A24*'⑤ 成長試算'!M16+B24*'⑤ 成長試算'!M13+C24*'⑤ 成長試算'!M10+D24*'⑤ 成長試算'!M7)/E24)
A25: 1 | B25: 1 | C25: 2 | D25: 1 | E25: 5 | F25: 17 | G25: =A25*'⑤ 成長試算'!D14+B25*'⑤ 成長試算'!D11+C25*'⑤ 成長試算'!D8+D25*'⑤ 成長試算'!D5 | H25: =A25*'⑤ 成長試算'!D15+B25*'⑤ 成長試算'!D12+C25*'⑤ 成長試算'!D9+D25*'⑤ 成長試算'!D6 | I25: =(A25*'⑤ 成長試算'!D16+B25*'⑤ 成長試算'!D13+C25*'⑤ 成長試算'!D10+D25*'⑤ 成長試算'!D7)/E25 | J25: =IF('⑤ 成長試算'!M14="—","—",A25*'⑤ 成長試算'!M14+B25*'⑤ 成長試算'!M11+C25*'⑤ 成長試算'!M8+D25*'⑤ 成長試算'!M5) | K25: =IF('⑤ 成長試算'!M15="—","—",A25*'⑤ 成長試算'!M15+B25*'⑤ 成長試算'!M12+C25*'⑤ 成長試算'!M9+D25*'⑤ 成長試算'!M6) | L25: =IF('⑤ 成長試算'!M16="—","—",(A25*'⑤ 成長試算'!M16+B25*'⑤ 成長試算'!M13+C25*'⑤ 成長試算'!M10+D25*'⑤ 成長試算'!M7)/E25)
A26: 1 | B26: 0 | C26: 4 | D26: 0 | E26: 5 | F26: 17 | G26: =A26*'⑤ 成長試算'!D14+B26*'⑤ 成長試算'!D11+C26*'⑤ 成長試算'!D8+D26*'⑤ 成長試算'!D5 | H26: =A26*'⑤ 成長試算'!D15+B26*'⑤ 成長試算'!D12+C26*'⑤ 成長試算'!D9+D26*'⑤ 成長試算'!D6 | I26: =(A26*'⑤ 成長試算'!D16+B26*'⑤ 成長試算'!D13+C26*'⑤ 成長試算'!D10+D26*'⑤ 成長試算'!D7)/E26 | J26: =IF('⑤ 成長試算'!M14="—","—",A26*'⑤ 成長試算'!M14+B26*'⑤ 成長試算'!M11+C26*'⑤ 成長試算'!M8+D26*'⑤ 成長試算'!M5) | K26: =IF('⑤ 成長試算'!M15="—","—",A26*'⑤ 成長試算'!M15+B26*'⑤ 成長試算'!M12+C26*'⑤ 成長試算'!M9+D26*'⑤ 成長試算'!M6) | L26: =IF('⑤ 成長試算'!M16="—","—",(A26*'⑤ 成長試算'!M16+B26*'⑤ 成長試算'!M13+C26*'⑤ 成長試算'!M10+D26*'⑤ 成長試算'!M7)/E26)
A27: 0 | B27: 3 | C27: 1 | D27: 1 | E27: 5 | F27: 17 | G27: =A27*'⑤ 成長試算'!D14+B27*'⑤ 成長試算'!D11+C27*'⑤ 成長試算'!D8+D27*'⑤ 成長試算'!D5 | H27: =A27*'⑤ 成長試算'!D15+B27*'⑤ 成長試算'!D12+C27*'⑤ 成長試算'!D9+D27*'⑤ 成長試算'!D6 | I27: =(A27*'⑤ 成長試算'!D16+B27*'⑤ 成長試算'!D13+C27*'⑤ 成長試算'!D10+D27*'⑤ 成長試算'!D7)/E27 | J27: =IF('⑤ 成長試算'!M14="—","—",A27*'⑤ 成長試算'!M14+B27*'⑤ 成長試算'!M11+C27*'⑤ 成長試算'!M8+D27*'⑤ 成長試算'!M5) | K27: =IF('⑤ 成長試算'!M15="—","—",A27*'⑤ 成長試算'!M15+B27*'⑤ 成長試算'!M12+C27*'⑤ 成長試算'!M9+D27*'⑤ 成長試算'!M6) | L27: =IF('⑤ 成長試算'!M16="—","—",(A27*'⑤ 成長試算'!M16+B27*'⑤ 成長試算'!M13+C27*'⑤ 成長試算'!M10+D27*'⑤ 成長試算'!M7)/E27)
A28: 0 | B28: 2 | C28: 3 | D28: 0 | E28: 5 | F28: 17 | G28: =A28*'⑤ 成長試算'!D14+B28*'⑤ 成長試算'!D11+C28*'⑤ 成長試算'!D8+D28*'⑤ 成長試算'!D5 | H28: =A28*'⑤ 成長試算'!D15+B28*'⑤ 成長試算'!D12+C28*'⑤ 成長試算'!D9+D28*'⑤ 成長試算'!D6 | I28: =(A28*'⑤ 成長試算'!D16+B28*'⑤ 成長試算'!D13+C28*'⑤ 成長試算'!D10+D28*'⑤ 成長試算'!D7)/E28 | J28: =IF('⑤ 成長試算'!M14="—","—",A28*'⑤ 成長試算'!M14+B28*'⑤ 成長試算'!M11+C28*'⑤ 成長試算'!M8+D28*'⑤ 成長試算'!M5) | K28: =IF('⑤ 成長試算'!M15="—","—",A28*'⑤ 成長試算'!M15+B28*'⑤ 成長試算'!M12+C28*'⑤ 成長試算'!M9+D28*'⑤ 成長試算'!M6) | L28: =IF('⑤ 成長試算'!M16="—","—",(A28*'⑤ 成長試算'!M16+B28*'⑤ 成長試算'!M13+C28*'⑤ 成長試算'!M10+D28*'⑤ 成長試算'!M7)/E28)
A29: 2 | B29: 0 | C29: 0 | D29: 3 | E29: 5 | F29: 16 | G29: =A29*'⑤ 成長試算'!D14+B29*'⑤ 成長試算'!D11+C29*'⑤ 成長試算'!D8+D29*'⑤ 成長試算'!D5 | H29: =A29*'⑤ 成長試算'!D15+B29*'⑤ 成長試算'!D12+C29*'⑤ 成長試算'!D9+D29*'⑤ 成長試算'!D6 | I29: =(A29*'⑤ 成長試算'!D16+B29*'⑤ 成長試算'!D13+C29*'⑤ 成長試算'!D10+D29*'⑤ 成長試算'!D7)/E29 | J29: =IF('⑤ 成長試算'!M14="—","—",A29*'⑤ 成長試算'!M14+B29*'⑤ 成長試算'!M11+C29*'⑤ 成長試算'!M8+D29*'⑤ 成長試算'!M5) | K29: =IF('⑤ 成長試算'!M15="—","—",A29*'⑤ 成長試算'!M15+B29*'⑤ 成長試算'!M12+C29*'⑤ 成長試算'!M9+D29*'⑤ 成長試算'!M6) | L29: =IF('⑤ 成長試算'!M16="—","—",(A29*'⑤ 成長試算'!M16+B29*'⑤ 成長試算'!M13+C29*'⑤ 成長試算'!M10+D29*'⑤ 成長試算'!M7)/E29)
A30: 1 | B30: 1 | C30: 1 | D30: 2 | E30: 5 | F30: 16 | G30: =A30*'⑤ 成長試算'!D14+B30*'⑤ 成長試算'!D11+C30*'⑤ 成長試算'!D8+D30*'⑤ 成長試算'!D5 | H30: =A30*'⑤ 成長試算'!D15+B30*'⑤ 成長試算'!D12+C30*'⑤ 成長試算'!D9+D30*'⑤ 成長試算'!D6 | I30: =(A30*'⑤ 成長試算'!D16+B30*'⑤ 成長試算'!D13+C30*'⑤ 成長試算'!D10+D30*'⑤ 成長試算'!D7)/E30 | J30: =IF('⑤ 成長試算'!M14="—","—",A30*'⑤ 成長試算'!M14+B30*'⑤ 成長試算'!M11+C30*'⑤ 成長試算'!M8+D30*'⑤ 成長試算'!M5) | K30: =IF('⑤ 成長試算'!M15="—","—",A30*'⑤ 成長試算'!M15+B30*'⑤ 成長試算'!M12+C30*'⑤ 成長試算'!M9+D30*'⑤ 成長試算'!M6) | L30: =IF('⑤ 成長試算'!M16="—","—",(A30*'⑤ 成長試算'!M16+B30*'⑤ 成長試算'!M13+C30*'⑤ 成長試算'!M10+D30*'⑤ 成長試算'!M7)/E30)
A31: 1 | B31: 0 | C31: 3 | D31: 1 | E31: 5 | F31: 16 | G31: =A31*'⑤ 成長試算'!D14+B31*'⑤ 成長試算'!D11+C31*'⑤ 成長試算'!D8+D31*'⑤ 成長試算'!D5 | H31: =A31*'⑤ 成長試算'!D15+B31*'⑤ 成長試算'!D12+C31*'⑤ 成長試算'!D9+D31*'⑤ 成長試算'!D6 | I31: =(A31*'⑤ 成長試算'!D16+B31*'⑤ 成長試算'!D13+C31*'⑤ 成長試算'!D10+D31*'⑤ 成長試算'!D7)/E31 | J31: =IF('⑤ 成長試算'!M14="—","—",A31*'⑤ 成長試算'!M14+B31*'⑤ 成長試算'!M11+C31*'⑤ 成長試算'!M8+D31*'⑤ 成長試算'!M5) | K31: =IF('⑤ 成長試算'!M15="—","—",A31*'⑤ 成長試算'!M15+B31*'⑤ 成長試算'!M12+C31*'⑤ 成長試算'!M9+D31*'⑤ 成長試算'!M6) | L31: =IF('⑤ 成長試算'!M16="—","—",(A31*'⑤ 成長試算'!M16+B31*'⑤ 成長試算'!M13+C31*'⑤ 成長試算'!M10+D31*'⑤ 成長試算'!M7)/E31)
A32: 0 | B32: 3 | C32: 0 | D32: 2 | E32: 5 | F32: 16 | G32: =A32*'⑤ 成長試算'!D14+B32*'⑤ 成長試算'!D11+C32*'⑤ 成長試算'!D8+D32*'⑤ 成長試算'!D5 | H32: =A32*'⑤ 成長試算'!D15+B32*'⑤ 成長試算'!D12+C32*'⑤ 成長試算'!D9+D32*'⑤ 成長試算'!D6 | I32: =(A32*'⑤ 成長試算'!D16+B32*'⑤ 成長試算'!D13+C32*'⑤ 成長試算'!D10+D32*'⑤ 成長試算'!D7)/E32 | J32: =IF('⑤ 成長試算'!M14="—","—",A32*'⑤ 成長試算'!M14+B32*'⑤ 成長試算'!M11+C32*'⑤ 成長試算'!M8+D32*'⑤ 成長試算'!M5) | K32: =IF('⑤ 成長試算'!M15="—","—",A32*'⑤ 成長試算'!M15+B32*'⑤ 成長試算'!M12+C32*'⑤ 成長試算'!M9+D32*'⑤ 成長試算'!M6) | L32: =IF('⑤ 成長試算'!M16="—","—",(A32*'⑤ 成長試算'!M16+B32*'⑤ 成長試算'!M13+C32*'⑤ 成長試算'!M10+D32*'⑤ 成長試算'!M7)/E32)
A33: 0 | B33: 2 | C33: 2 | D33: 1 | E33: 5 | F33: 16 | G33: =A33*'⑤ 成長試算'!D14+B33*'⑤ 成長試算'!D11+C33*'⑤ 成長試算'!D8+D33*'⑤ 成長試算'!D5 | H33: =A33*'⑤ 成長試算'!D15+B33*'⑤ 成長試算'!D12+C33*'⑤ 成長試算'!D9+D33*'⑤ 成長試算'!D6 | I33: =(A33*'⑤ 成長試算'!D16+B33*'⑤ 成長試算'!D13+C33*'⑤ 成長試算'!D10+D33*'⑤ 成長試算'!D7)/E33 | J33: =IF('⑤ 成長試算'!M14="—","—",A33*'⑤ 成長試算'!M14+B33*'⑤ 成長試算'!M11+C33*'⑤ 成長試算'!M8+D33*'⑤ 成長試算'!M5) | K33: =IF('⑤ 成長試算'!M15="—","—",A33*'⑤ 成長試算'!M15+B33*'⑤ 成長試算'!M12+C33*'⑤ 成長試算'!M9+D33*'⑤ 成長試算'!M6) | L33: =IF('⑤ 成長試算'!M16="—","—",(A33*'⑤ 成長試算'!M16+B33*'⑤ 成長試算'!M13+C33*'⑤ 成長試算'!M10+D33*'⑤ 成長試算'!M7)/E33)
A34: 0 | B34: 1 | C34: 4 | D34: 0 | E34: 5 | F34: 16 | G34: =A34*'⑤ 成長試算'!D14+B34*'⑤ 成長試算'!D11+C34*'⑤ 成長試算'!D8+D34*'⑤ 成長試算'!D5 | H34: =A34*'⑤ 成長試算'!D15+B34*'⑤ 成長試算'!D12+C34*'⑤ 成長試算'!D9+D34*'⑤ 成長試算'!D6 | I34: =(A34*'⑤ 成長試算'!D16+B34*'⑤ 成長試算'!D13+C34*'⑤ 成長試算'!D10+D34*'⑤ 成長試算'!D7)/E34 | J34: =IF('⑤ 成長試算'!M14="—","—",A34*'⑤ 成長試算'!M14+B34*'⑤ 成長試算'!M11+C34*'⑤ 成長試算'!M8+D34*'⑤ 成長試算'!M5) | K34: =IF('⑤ 成長試算'!M15="—","—",A34*'⑤ 成長試算'!M15+B34*'⑤ 成長試算'!M12+C34*'⑤ 成長試算'!M9+D34*'⑤ 成長試算'!M6) | L34: =IF('⑤ 成長試算'!M16="—","—",(A34*'⑤ 成長試算'!M16+B34*'⑤ 成長試算'!M13+C34*'⑤ 成長試算'!M10+D34*'⑤ 成長試算'!M7)/E34)
A35: 1 | B35: 1 | C35: 0 | D35: 3 | E35: 5 | F35: 15 | G35: =A35*'⑤ 成長試算'!D14+B35*'⑤ 成長試算'!D11+C35*'⑤ 成長試算'!D8+D35*'⑤ 成長試算'!D5 | H35: =A35*'⑤ 成長試算'!D15+B35*'⑤ 成長試算'!D12+C35*'⑤ 成長試算'!D9+D35*'⑤ 成長試算'!D6 | I35: =(A35*'⑤ 成長試算'!D16+B35*'⑤ 成長試算'!D13+C35*'⑤ 成長試算'!D10+D35*'⑤ 成長試算'!D7)/E35 | J35: =IF('⑤ 成長試算'!M14="—","—",A35*'⑤ 成長試算'!M14+B35*'⑤ 成長試算'!M11+C35*'⑤ 成長試算'!M8+D35*'⑤ 成長試算'!M5) | K35: =IF('⑤ 成長試算'!M15="—","—",A35*'⑤ 成長試算'!M15+B35*'⑤ 成長試算'!M12+C35*'⑤ 成長試算'!M9+D35*'⑤ 成長試算'!M6) | L35: =IF('⑤ 成長試算'!M16="—","—",(A35*'⑤ 成長試算'!M16+B35*'⑤ 成長試算'!M13+C35*'⑤ 成長試算'!M10+D35*'⑤ 成長試算'!M7)/E35)
A36: 1 | B36: 0 | C36: 2 | D36: 2 | E36: 5 | F36: 15 | G36: =A36*'⑤ 成長試算'!D14+B36*'⑤ 成長試算'!D11+C36*'⑤ 成長試算'!D8+D36*'⑤ 成長試算'!D5 | H36: =A36*'⑤ 成長試算'!D15+B36*'⑤ 成長試算'!D12+C36*'⑤ 成長試算'!D9+D36*'⑤ 成長試算'!D6 | I36: =(A36*'⑤ 成長試算'!D16+B36*'⑤ 成長試算'!D13+C36*'⑤ 成長試算'!D10+D36*'⑤ 成長試算'!D7)/E36 | J36: =IF('⑤ 成長試算'!M14="—","—",A36*'⑤ 成長試算'!M14+B36*'⑤ 成長試算'!M11+C36*'⑤ 成長試算'!M8+D36*'⑤ 成長試算'!M5) | K36: =IF('⑤ 成長試算'!M15="—","—",A36*'⑤ 成長試算'!M15+B36*'⑤ 成長試算'!M12+C36*'⑤ 成長試算'!M9+D36*'⑤ 成長試算'!M6) | L36: =IF('⑤ 成長試算'!M16="—","—",(A36*'⑤ 成長試算'!M16+B36*'⑤ 成長試算'!M13+C36*'⑤ 成長試算'!M10+D36*'⑤ 成長試算'!M7)/E36)
A37: 0 | B37: 2 | C37: 1 | D37: 2 | E37: 5 | F37: 15 | G37: =A37*'⑤ 成長試算'!D14+B37*'⑤ 成長試算'!D11+C37*'⑤ 成長試算'!D8+D37*'⑤ 成長試算'!D5 | H37: =A37*'⑤ 成長試算'!D15+B37*'⑤ 成長試算'!D12+C37*'⑤ 成長試算'!D9+D37*'⑤ 成長試算'!D6 | I37: =(A37*'⑤ 成長試算'!D16+B37*'⑤ 成長試算'!D13+C37*'⑤ 成長試算'!D10+D37*'⑤ 成長試算'!D7)/E37 | J37: =IF('⑤ 成長試算'!M14="—","—",A37*'⑤ 成長試算'!M14+B37*'⑤ 成長試算'!M11+C37*'⑤ 成長試算'!M8+D37*'⑤ 成長試算'!M5) | K37: =IF('⑤ 成長試算'!M15="—","—",A37*'⑤ 成長試算'!M15+B37*'⑤ 成長試算'!M12+C37*'⑤ 成長試算'!M9+D37*'⑤ 成長試算'!M6) | L37: =IF('⑤ 成長試算'!M16="—","—",(A37*'⑤ 成長試算'!M16+B37*'⑤ 成長試算'!M13+C37*'⑤ 成長試算'!M10+D37*'⑤ 成長試算'!M7)/E37)
A38: 0 | B38: 1 | C38: 3 | D38: 1 | E38: 5 | F38: 15 | G38: =A38*'⑤ 成長試算'!D14+B38*'⑤ 成長試算'!D11+C38*'⑤ 成長試算'!D8+D38*'⑤ 成長試算'!D5 | H38: =A38*'⑤ 成長試算'!D15+B38*'⑤ 成長試算'!D12+C38*'⑤ 成長試算'!D9+D38*'⑤ 成長試算'!D6 | I38: =(A38*'⑤ 成長試算'!D16+B38*'⑤ 成長試算'!D13+C38*'⑤ 成長試算'!D10+D38*'⑤ 成長試算'!D7)/E38 | J38: =IF('⑤ 成長試算'!M14="—","—",A38*'⑤ 成長試算'!M14+B38*'⑤ 成長試算'!M11+C38*'⑤ 成長試算'!M8+D38*'⑤ 成長試算'!M5) | K38: =IF('⑤ 成長試算'!M15="—","—",A38*'⑤ 成長試算'!M15+B38*'⑤ 成長試算'!M12+C38*'⑤ 成長試算'!M9+D38*'⑤ 成長試算'!M6) | L38: =IF('⑤ 成長試算'!M16="—","—",(A38*'⑤ 成長試算'!M16+B38*'⑤ 成長試算'!M13+C38*'⑤ 成長試算'!M10+D38*'⑤ 成長試算'!M7)/E38)
A39: 0 | B39: 0 | C39: 5 | D39: 0 | E39: 5 | F39: 15 | G39: =A39*'⑤ 成長試算'!D14+B39*'⑤ 成長試算'!D11+C39*'⑤ 成長試算'!D8+D39*'⑤ 成長試算'!D5 | H39: =A39*'⑤ 成長試算'!D15+B39*'⑤ 成長試算'!D12+C39*'⑤ 成長試算'!D9+D39*'⑤ 成長試算'!D6 | I39: =(A39*'⑤ 成長試算'!D16+B39*'⑤ 成長試算'!D13+C39*'⑤ 成長試算'!D10+D39*'⑤ 成長試算'!D7)/E39 | J39: =IF('⑤ 成長試算'!M14="—","—",A39*'⑤ 成長試算'!M14+B39*'⑤ 成長試算'!M11+C39*'⑤ 成長試算'!M8+D39*'⑤ 成長試算'!M5) | K39: =IF('⑤ 成長試算'!M15="—","—",A39*'⑤ 成長試算'!M15+B39*'⑤ 成長試算'!M12+C39*'⑤ 成長試算'!M9+D39*'⑤ 成長試算'!M6) | L39: =IF('⑤ 成長試算'!M16="—","—",(A39*'⑤ 成長試算'!M16+B39*'⑤ 成長試算'!M13+C39*'⑤ 成長試算'!M10+D39*'⑤ 成長試算'!M7)/E39)
A40: 1 | B40: 0 | C40: 1 | D40: 3 | E40: 5 | F40: 14 | G40: =A40*'⑤ 成長試算'!D14+B40*'⑤ 成長試算'!D11+C40*'⑤ 成長試算'!D8+D40*'⑤ 成長試算'!D5 | H40: =A40*'⑤ 成長試算'!D15+B40*'⑤ 成長試算'!D12+C40*'⑤ 成長試算'!D9+D40*'⑤ 成長試算'!D6 | I40: =(A40*'⑤ 成長試算'!D16+B40*'⑤ 成長試算'!D13+C40*'⑤ 成長試算'!D10+D40*'⑤ 成長試算'!D7)/E40 | J40: =IF('⑤ 成長試算'!M14="—","—",A40*'⑤ 成長試算'!M14+B40*'⑤ 成長試算'!M11+C40*'⑤ 成長試算'!M8+D40*'⑤ 成長試算'!M5) | K40: =IF('⑤ 成長試算'!M15="—","—",A40*'⑤ 成長試算'!M15+B40*'⑤ 成長試算'!M12+C40*'⑤ 成長試算'!M9+D40*'⑤ 成長試算'!M6) | L40: =IF('⑤ 成長試算'!M16="—","—",(A40*'⑤ 成長試算'!M16+B40*'⑤ 成長試算'!M13+C40*'⑤ 成長試算'!M10+D40*'⑤ 成長試算'!M7)/E40)
A41: 0 | B41: 2 | C41: 0 | D41: 3 | E41: 5 | F41: 14 | G41: =A41*'⑤ 成長試算'!D14+B41*'⑤ 成長試算'!D11+C41*'⑤ 成長試算'!D8+D41*'⑤ 成長試算'!D5 | H41: =A41*'⑤ 成長試算'!D15+B41*'⑤ 成長試算'!D12+C41*'⑤ 成長試算'!D9+D41*'⑤ 成長試算'!D6 | I41: =(A41*'⑤ 成長試算'!D16+B41*'⑤ 成長試算'!D13+C41*'⑤ 成長試算'!D10+D41*'⑤ 成長試算'!D7)/E41 | J41: =IF('⑤ 成長試算'!M14="—","—",A41*'⑤ 成長試算'!M14+B41*'⑤ 成長試算'!M11+C41*'⑤ 成長試算'!M8+D41*'⑤ 成長試算'!M5) | K41: =IF('⑤ 成長試算'!M15="—","—",A41*'⑤ 成長試算'!M15+B41*'⑤ 成長試算'!M12+C41*'⑤ 成長試算'!M9+D41*'⑤ 成長試算'!M6) | L41: =IF('⑤ 成長試算'!M16="—","—",(A41*'⑤ 成長試算'!M16+B41*'⑤ 成長試算'!M13+C41*'⑤ 成長試算'!M10+D41*'⑤ 成長試算'!M7)/E41)
A42: 0 | B42: 1 | C42: 2 | D42: 2 | E42: 5 | F42: 14 | G42: =A42*'⑤ 成長試算'!D14+B42*'⑤ 成長試算'!D11+C42*'⑤ 成長試算'!D8+D42*'⑤ 成長試算'!D5 | H42: =A42*'⑤ 成長試算'!D15+B42*'⑤ 成長試算'!D12+C42*'⑤ 成長試算'!D9+D42*'⑤ 成長試算'!D6 | I42: =(A42*'⑤ 成長試算'!D16+B42*'⑤ 成長試算'!D13+C42*'⑤ 成長試算'!D10+D42*'⑤ 成長試算'!D7)/E42 | J42: =IF('⑤ 成長試算'!M14="—","—",A42*'⑤ 成長試算'!M14+B42*'⑤ 成長試算'!M11+C42*'⑤ 成長試算'!M8+D42*'⑤ 成長試算'!M5) | K42: =IF('⑤ 成長試算'!M15="—","—",A42*'⑤ 成長試算'!M15+B42*'⑤ 成長試算'!M12+C42*'⑤ 成長試算'!M9+D42*'⑤ 成長試算'!M6) | L42: =IF('⑤ 成長試算'!M16="—","—",(A42*'⑤ 成長試算'!M16+B42*'⑤ 成長試算'!M13+C42*'⑤ 成長試算'!M10+D42*'⑤ 成長試算'!M7)/E42)
A43: 0 | B43: 0 | C43: 4 | D43: 1 | E43: 5 | F43: 14 | G43: =A43*'⑤ 成長試算'!D14+B43*'⑤ 成長試算'!D11+C43*'⑤ 成長試算'!D8+D43*'⑤ 成長試算'!D5 | H43: =A43*'⑤ 成長試算'!D15+B43*'⑤ 成長試算'!D12+C43*'⑤ 成長試算'!D9+D43*'⑤ 成長試算'!D6 | I43: =(A43*'⑤ 成長試算'!D16+B43*'⑤ 成長試算'!D13+C43*'⑤ 成長試算'!D10+D43*'⑤ 成長試算'!D7)/E43 | J43: =IF('⑤ 成長試算'!M14="—","—",A43*'⑤ 成長試算'!M14+B43*'⑤ 成長試算'!M11+C43*'⑤ 成長試算'!M8+D43*'⑤ 成長試算'!M5) | K43: =IF('⑤ 成長試算'!M15="—","—",A43*'⑤ 成長試算'!M15+B43*'⑤ 成長試算'!M12+C43*'⑤ 成長試算'!M9+D43*'⑤ 成長試算'!M6) | L43: =IF('⑤ 成長試算'!M16="—","—",(A43*'⑤ 成長試算'!M16+B43*'⑤ 成長試算'!M13+C43*'⑤ 成長試算'!M10+D43*'⑤ 成長試算'!M7)/E43)
A44: 1 | B44: 0 | C44: 0 | D44: 4 | E44: 5 | F44: 13 | G44: =A44*'⑤ 成長試算'!D14+B44*'⑤ 成長試算'!D11+C44*'⑤ 成長試算'!D8+D44*'⑤ 成長試算'!D5 | H44: =A44*'⑤ 成長試算'!D15+B44*'⑤ 成長試算'!D12+C44*'⑤ 成長試算'!D9+D44*'⑤ 成長試算'!D6 | I44: =(A44*'⑤ 成長試算'!D16+B44*'⑤ 成長試算'!D13+C44*'⑤ 成長試算'!D10+D44*'⑤ 成長試算'!D7)/E44 | J44: =IF('⑤ 成長試算'!M14="—","—",A44*'⑤ 成長試算'!M14+B44*'⑤ 成長試算'!M11+C44*'⑤ 成長試算'!M8+D44*'⑤ 成長試算'!M5) | K44: =IF('⑤ 成長試算'!M15="—","—",A44*'⑤ 成長試算'!M15+B44*'⑤ 成長試算'!M12+C44*'⑤ 成長試算'!M9+D44*'⑤ 成長試算'!M6) | L44: =IF('⑤ 成長試算'!M16="—","—",(A44*'⑤ 成長試算'!M16+B44*'⑤ 成長試算'!M13+C44*'⑤ 成長試算'!M10+D44*'⑤ 成長試算'!M7)/E44)
A45: 0 | B45: 1 | C45: 1 | D45: 3 | E45: 5 | F45: 13 | G45: =A45*'⑤ 成長試算'!D14+B45*'⑤ 成長試算'!D11+C45*'⑤ 成長試算'!D8+D45*'⑤ 成長試算'!D5 | H45: =A45*'⑤ 成長試算'!D15+B45*'⑤ 成長試算'!D12+C45*'⑤ 成長試算'!D9+D45*'⑤ 成長試算'!D6 | I45: =(A45*'⑤ 成長試算'!D16+B45*'⑤ 成長試算'!D13+C45*'⑤ 成長試算'!D10+D45*'⑤ 成長試算'!D7)/E45 | J45: =IF('⑤ 成長試算'!M14="—","—",A45*'⑤ 成長試算'!M14+B45*'⑤ 成長試算'!M11+C45*'⑤ 成長試算'!M8+D45*'⑤ 成長試算'!M5) | K45: =IF('⑤ 成長試算'!M15="—","—",A45*'⑤ 成長試算'!M15+B45*'⑤ 成長試算'!M12+C45*'⑤ 成長試算'!M9+D45*'⑤ 成長試算'!M6) | L45: =IF('⑤ 成長試算'!M16="—","—",(A45*'⑤ 成長試算'!M16+B45*'⑤ 成長試算'!M13+C45*'⑤ 成長試算'!M10+D45*'⑤ 成長試算'!M7)/E45)
A46: 0 | B46: 0 | C46: 3 | D46: 2 | E46: 5 | F46: 13 | G46: =A46*'⑤ 成長試算'!D14+B46*'⑤ 成長試算'!D11+C46*'⑤ 成長試算'!D8+D46*'⑤ 成長試算'!D5 | H46: =A46*'⑤ 成長試算'!D15+B46*'⑤ 成長試算'!D12+C46*'⑤ 成長試算'!D9+D46*'⑤ 成長試算'!D6 | I46: =(A46*'⑤ 成長試算'!D16+B46*'⑤ 成長試算'!D13+C46*'⑤ 成長試算'!D10+D46*'⑤ 成長試算'!D7)/E46 | J46: =IF('⑤ 成長試算'!M14="—","—",A46*'⑤ 成長試算'!M14+B46*'⑤ 成長試算'!M11+C46*'⑤ 成長試算'!M8+D46*'⑤ 成長試算'!M5) | K46: =IF('⑤ 成長試算'!M15="—","—",A46*'⑤ 成長試算'!M15+B46*'⑤ 成長試算'!M12+C46*'⑤ 成長試算'!M9+D46*'⑤ 成長試算'!M6) | L46: =IF('⑤ 成長試算'!M16="—","—",(A46*'⑤ 成長試算'!M16+B46*'⑤ 成長試算'!M13+C46*'⑤ 成長試算'!M10+D46*'⑤ 成長試算'!M7)/E46)
A47: 0 | B47: 1 | C47: 0 | D47: 4 | E47: 5 | F47: 12 | G47: =A47*'⑤ 成長試算'!D14+B47*'⑤ 成長試算'!D11+C47*'⑤ 成長試算'!D8+D47*'⑤ 成長試算'!D5 | H47: =A47*'⑤ 成長試算'!D15+B47*'⑤ 成長試算'!D12+C47*'⑤ 成長試算'!D9+D47*'⑤ 成長試算'!D6 | I47: =(A47*'⑤ 成長試算'!D16+B47*'⑤ 成長試算'!D13+C47*'⑤ 成長試算'!D10+D47*'⑤ 成長試算'!D7)/E47 | J47: =IF('⑤ 成長試算'!M14="—","—",A47*'⑤ 成長試算'!M14+B47*'⑤ 成長試算'!M11+C47*'⑤ 成長試算'!M8+D47*'⑤ 成長試算'!M5) | K47: =IF('⑤ 成長試算'!M15="—","—",A47*'⑤ 成長試算'!M15+B47*'⑤ 成長試算'!M12+C47*'⑤ 成長試算'!M9+D47*'⑤ 成長試算'!M6) | L47: =IF('⑤ 成長試算'!M16="—","—",(A47*'⑤ 成長試算'!M16+B47*'⑤ 成長試算'!M13+C47*'⑤ 成長試算'!M10+D47*'⑤ 成長試算'!M7)/E47)
A48: 0 | B48: 0 | C48: 2 | D48: 3 | E48: 5 | F48: 12 | G48: =A48*'⑤ 成長試算'!D14+B48*'⑤ 成長試算'!D11+C48*'⑤ 成長試算'!D8+D48*'⑤ 成長試算'!D5 | H48: =A48*'⑤ 成長試算'!D15+B48*'⑤ 成長試算'!D12+C48*'⑤ 成長試算'!D9+D48*'⑤ 成長試算'!D6 | I48: =(A48*'⑤ 成長試算'!D16+B48*'⑤ 成長試算'!D13+C48*'⑤ 成長試算'!D10+D48*'⑤ 成長試算'!D7)/E48 | J48: =IF('⑤ 成長試算'!M14="—","—",A48*'⑤ 成長試算'!M14+B48*'⑤ 成長試算'!M11+C48*'⑤ 成長試算'!M8+D48*'⑤ 成長試算'!M5) | K48: =IF('⑤ 成長試算'!M15="—","—",A48*'⑤ 成長試算'!M15+B48*'⑤ 成長試算'!M12+C48*'⑤ 成長試算'!M9+D48*'⑤ 成長試算'!M6) | L48: =IF('⑤ 成長試算'!M16="—","—",(A48*'⑤ 成長試算'!M16+B48*'⑤ 成長試算'!M13+C48*'⑤ 成長試算'!M10+D48*'⑤ 成長試算'!M7)/E48)
A49: 0 | B49: 0 | C49: 1 | D49: 4 | E49: 5 | F49: 11 | G49: =A49*'⑤ 成長試算'!D14+B49*'⑤ 成長試算'!D11+C49*'⑤ 成長試算'!D8+D49*'⑤ 成長試算'!D5 | H49: =A49*'⑤ 成長試算'!D15+B49*'⑤ 成長試算'!D12+C49*'⑤ 成長試算'!D9+D49*'⑤ 成長試算'!D6 | I49: =(A49*'⑤ 成長試算'!D16+B49*'⑤ 成長試算'!D13+C49*'⑤ 成長試算'!D10+D49*'⑤ 成長試算'!D7)/E49 | J49: =IF('⑤ 成長試算'!M14="—","—",A49*'⑤ 成長試算'!M14+B49*'⑤ 成長試算'!M11+C49*'⑤ 成長試算'!M8+D49*'⑤ 成長試算'!M5) | K49: =IF('⑤ 成長試算'!M15="—","—",A49*'⑤ 成長試算'!M15+B49*'⑤ 成長試算'!M12+C49*'⑤ 成長試算'!M9+D49*'⑤ 成長試算'!M6) | L49: =IF('⑤ 成長試算'!M16="—","—",(A49*'⑤ 成長試算'!M16+B49*'⑤ 成長試算'!M13+C49*'⑤ 成長試算'!M10+D49*'⑤ 成長試算'!M7)/E49)
A50: 0 | B50: 0 | C50: 0 | D50: 5 | E50: 5 | F50: 10 | G50: =A50*'⑤ 成長試算'!D14+B50*'⑤ 成長試算'!D11+C50*'⑤ 成長試算'!D8+D50*'⑤ 成長試算'!D5 | H50: =A50*'⑤ 成長試算'!D15+B50*'⑤ 成長試算'!D12+C50*'⑤ 成長試算'!D9+D50*'⑤ 成長試算'!D6 | I50: =(A50*'⑤ 成長試算'!D16+B50*'⑤ 成長試算'!D13+C50*'⑤ 成長試算'!D10+D50*'⑤ 成長試算'!D7)/E50 | J50: =IF('⑤ 成長試算'!M14="—","—",A50*'⑤ 成長試算'!M14+B50*'⑤ 成長試算'!M11+C50*'⑤ 成長試算'!M8+D50*'⑤ 成長試算'!M5) | K50: =IF('⑤ 成長試算'!M15="—","—",A50*'⑤ 成長試算'!M15+B50*'⑤ 成長試算'!M12+C50*'⑤ 成長試算'!M9+D50*'⑤ 成長試算'!M6) | L50: =IF('⑤ 成長試算'!M16="—","—",(A50*'⑤ 成長試算'!M16+B50*'⑤ 成長試算'!M13+C50*'⑤ 成長試算'!M10+D50*'⑤ 成長試算'!M7)/E50) | M50: C単一（最安）
A51: 4 | B51: 0 | C51: 0 | D51: 0 | E51: 4 | F51: 20 | G51: =A51*'⑤ 成長試算'!D14+B51*'⑤ 成長試算'!D11+C51*'⑤ 成長試算'!D8+D51*'⑤ 成長試算'!D5 | H51: =A51*'⑤ 成長試算'!D15+B51*'⑤ 成長試算'!D12+C51*'⑤ 成長試算'!D9+D51*'⑤ 成長試算'!D6 | I51: =(A51*'⑤ 成長試算'!D16+B51*'⑤ 成長試算'!D13+C51*'⑤ 成長試算'!D10+D51*'⑤ 成長試算'!D7)/E51 | J51: =IF('⑤ 成長試算'!M14="—","—",A51*'⑤ 成長試算'!M14+B51*'⑤ 成長試算'!M11+C51*'⑤ 成長試算'!M8+D51*'⑤ 成長試算'!M5) | K51: =IF('⑤ 成長試算'!M15="—","—",A51*'⑤ 成長試算'!M15+B51*'⑤ 成長試算'!M12+C51*'⑤ 成長試算'!M9+D51*'⑤ 成長試算'!M6) | L51: =IF('⑤ 成長試算'!M16="—","—",(A51*'⑤ 成長試算'!M16+B51*'⑤ 成長試算'!M13+C51*'⑤ 成長試算'!M10+D51*'⑤ 成長試算'!M7)/E51) | M51: S単一
A52: 3 | B52: 1 | C52: 0 | D52: 0 | E52: 4 | F52: 19 | G52: =A52*'⑤ 成長試算'!D14+B52*'⑤ 成長試算'!D11+C52*'⑤ 成長試算'!D8+D52*'⑤ 成長試算'!D5 | H52: =A52*'⑤ 成長試算'!D15+B52*'⑤ 成長試算'!D12+C52*'⑤ 成長試算'!D9+D52*'⑤ 成長試算'!D6 | I52: =(A52*'⑤ 成長試算'!D16+B52*'⑤ 成長試算'!D13+C52*'⑤ 成長試算'!D10+D52*'⑤ 成長試算'!D7)/E52 | J52: =IF('⑤ 成長試算'!M14="—","—",A52*'⑤ 成長試算'!M14+B52*'⑤ 成長試算'!M11+C52*'⑤ 成長試算'!M8+D52*'⑤ 成長試算'!M5) | K52: =IF('⑤ 成長試算'!M15="—","—",A52*'⑤ 成長試算'!M15+B52*'⑤ 成長試算'!M12+C52*'⑤ 成長試算'!M9+D52*'⑤ 成長試算'!M6) | L52: =IF('⑤ 成長試算'!M16="—","—",(A52*'⑤ 成長試算'!M16+B52*'⑤ 成長試算'!M13+C52*'⑤ 成長試算'!M10+D52*'⑤ 成長試算'!M7)/E52)
A53: 3 | B53: 0 | C53: 1 | D53: 0 | E53: 4 | F53: 18 | G53: =A53*'⑤ 成長試算'!D14+B53*'⑤ 成長試算'!D11+C53*'⑤ 成長試算'!D8+D53*'⑤ 成長試算'!D5 | H53: =A53*'⑤ 成長試算'!D15+B53*'⑤ 成長試算'!D12+C53*'⑤ 成長試算'!D9+D53*'⑤ 成長試算'!D6 | I53: =(A53*'⑤ 成長試算'!D16+B53*'⑤ 成長試算'!D13+C53*'⑤ 成長試算'!D10+D53*'⑤ 成長試算'!D7)/E53 | J53: =IF('⑤ 成長試算'!M14="—","—",A53*'⑤ 成長試算'!M14+B53*'⑤ 成長試算'!M11+C53*'⑤ 成長試算'!M8+D53*'⑤ 成長試算'!M5) | K53: =IF('⑤ 成長試算'!M15="—","—",A53*'⑤ 成長試算'!M15+B53*'⑤ 成長試算'!M12+C53*'⑤ 成長試算'!M9+D53*'⑤ 成長試算'!M6) | L53: =IF('⑤ 成長試算'!M16="—","—",(A53*'⑤ 成長試算'!M16+B53*'⑤ 成長試算'!M13+C53*'⑤ 成長試算'!M10+D53*'⑤ 成長試算'!M7)/E53)
A54: 2 | B54: 2 | C54: 0 | D54: 0 | E54: 4 | F54: 18 | G54: =A54*'⑤ 成長試算'!D14+B54*'⑤ 成長試算'!D11+C54*'⑤ 成長試算'!D8+D54*'⑤ 成長試算'!D5 | H54: =A54*'⑤ 成長試算'!D15+B54*'⑤ 成長試算'!D12+C54*'⑤ 成長試算'!D9+D54*'⑤ 成長試算'!D6 | I54: =(A54*'⑤ 成長試算'!D16+B54*'⑤ 成長試算'!D13+C54*'⑤ 成長試算'!D10+D54*'⑤ 成長試算'!D7)/E54 | J54: =IF('⑤ 成長試算'!M14="—","—",A54*'⑤ 成長試算'!M14+B54*'⑤ 成長試算'!M11+C54*'⑤ 成長試算'!M8+D54*'⑤ 成長試算'!M5) | K54: =IF('⑤ 成長試算'!M15="—","—",A54*'⑤ 成長試算'!M15+B54*'⑤ 成長試算'!M12+C54*'⑤ 成長試算'!M9+D54*'⑤ 成長試算'!M6) | L54: =IF('⑤ 成長試算'!M16="—","—",(A54*'⑤ 成長試算'!M16+B54*'⑤ 成長試算'!M13+C54*'⑤ 成長試算'!M10+D54*'⑤ 成長試算'!M7)/E54)
A55: 3 | B55: 0 | C55: 0 | D55: 1 | E55: 4 | F55: 17 | G55: =A55*'⑤ 成長試算'!D14+B55*'⑤ 成長試算'!D11+C55*'⑤ 成長試算'!D8+D55*'⑤ 成長試算'!D5 | H55: =A55*'⑤ 成長試算'!D15+B55*'⑤ 成長試算'!D12+C55*'⑤ 成長試算'!D9+D55*'⑤ 成長試算'!D6 | I55: =(A55*'⑤ 成長試算'!D16+B55*'⑤ 成長試算'!D13+C55*'⑤ 成長試算'!D10+D55*'⑤ 成長試算'!D7)/E55 | J55: =IF('⑤ 成長試算'!M14="—","—",A55*'⑤ 成長試算'!M14+B55*'⑤ 成長試算'!M11+C55*'⑤ 成長試算'!M8+D55*'⑤ 成長試算'!M5) | K55: =IF('⑤ 成長試算'!M15="—","—",A55*'⑤ 成長試算'!M15+B55*'⑤ 成長試算'!M12+C55*'⑤ 成長試算'!M9+D55*'⑤ 成長試算'!M6) | L55: =IF('⑤ 成長試算'!M16="—","—",(A55*'⑤ 成長試算'!M16+B55*'⑤ 成長試算'!M13+C55*'⑤ 成長試算'!M10+D55*'⑤ 成長試算'!M7)/E55)
A56: 2 | B56: 1 | C56: 1 | D56: 0 | E56: 4 | F56: 17 | G56: =A56*'⑤ 成長試算'!D14+B56*'⑤ 成長試算'!D11+C56*'⑤ 成長試算'!D8+D56*'⑤ 成長試算'!D5 | H56: =A56*'⑤ 成長試算'!D15+B56*'⑤ 成長試算'!D12+C56*'⑤ 成長試算'!D9+D56*'⑤ 成長試算'!D6 | I56: =(A56*'⑤ 成長試算'!D16+B56*'⑤ 成長試算'!D13+C56*'⑤ 成長試算'!D10+D56*'⑤ 成長試算'!D7)/E56 | J56: =IF('⑤ 成長試算'!M14="—","—",A56*'⑤ 成長試算'!M14+B56*'⑤ 成長試算'!M11+C56*'⑤ 成長試算'!M8+D56*'⑤ 成長試算'!M5) | K56: =IF('⑤ 成長試算'!M15="—","—",A56*'⑤ 成長試算'!M15+B56*'⑤ 成長試算'!M12+C56*'⑤ 成長試算'!M9+D56*'⑤ 成長試算'!M6) | L56: =IF('⑤ 成長試算'!M16="—","—",(A56*'⑤ 成長試算'!M16+B56*'⑤ 成長試算'!M13+C56*'⑤ 成長試算'!M10+D56*'⑤ 成長試算'!M7)/E56)
A57: 1 | B57: 3 | C57: 0 | D57: 0 | E57: 4 | F57: 17 | G57: =A57*'⑤ 成長試算'!D14+B57*'⑤ 成長試算'!D11+C57*'⑤ 成長試算'!D8+D57*'⑤ 成長試算'!D5 | H57: =A57*'⑤ 成長試算'!D15+B57*'⑤ 成長試算'!D12+C57*'⑤ 成長試算'!D9+D57*'⑤ 成長試算'!D6 | I57: =(A57*'⑤ 成長試算'!D16+B57*'⑤ 成長試算'!D13+C57*'⑤ 成長試算'!D10+D57*'⑤ 成長試算'!D7)/E57 | J57: =IF('⑤ 成長試算'!M14="—","—",A57*'⑤ 成長試算'!M14+B57*'⑤ 成長試算'!M11+C57*'⑤ 成長試算'!M8+D57*'⑤ 成長試算'!M5) | K57: =IF('⑤ 成長試算'!M15="—","—",A57*'⑤ 成長試算'!M15+B57*'⑤ 成長試算'!M12+C57*'⑤ 成長試算'!M9+D57*'⑤ 成長試算'!M6) | L57: =IF('⑤ 成長試算'!M16="—","—",(A57*'⑤ 成長試算'!M16+B57*'⑤ 成長試算'!M13+C57*'⑤ 成長試算'!M10+D57*'⑤ 成長試算'!M7)/E57)
A58: 2 | B58: 1 | C58: 0 | D58: 1 | E58: 4 | F58: 16 | G58: =A58*'⑤ 成長試算'!D14+B58*'⑤ 成長試算'!D11+C58*'⑤ 成長試算'!D8+D58*'⑤ 成長試算'!D5 | H58: =A58*'⑤ 成長試算'!D15+B58*'⑤ 成長試算'!D12+C58*'⑤ 成長試算'!D9+D58*'⑤ 成長試算'!D6 | I58: =(A58*'⑤ 成長試算'!D16+B58*'⑤ 成長試算'!D13+C58*'⑤ 成長試算'!D10+D58*'⑤ 成長試算'!D7)/E58 | J58: =IF('⑤ 成長試算'!M14="—","—",A58*'⑤ 成長試算'!M14+B58*'⑤ 成長試算'!M11+C58*'⑤ 成長試算'!M8+D58*'⑤ 成長試算'!M5) | K58: =IF('⑤ 成長試算'!M15="—","—",A58*'⑤ 成長試算'!M15+B58*'⑤ 成長試算'!M12+C58*'⑤ 成長試算'!M9+D58*'⑤ 成長試算'!M6) | L58: =IF('⑤ 成長試算'!M16="—","—",(A58*'⑤ 成長試算'!M16+B58*'⑤ 成長試算'!M13+C58*'⑤ 成長試算'!M10+D58*'⑤ 成長試算'!M7)/E58)
A59: 2 | B59: 0 | C59: 2 | D59: 0 | E59: 4 | F59: 16 | G59: =A59*'⑤ 成長試算'!D14+B59*'⑤ 成長試算'!D11+C59*'⑤ 成長試算'!D8+D59*'⑤ 成長試算'!D5 | H59: =A59*'⑤ 成長試算'!D15+B59*'⑤ 成長試算'!D12+C59*'⑤ 成長試算'!D9+D59*'⑤ 成長試算'!D6 | I59: =(A59*'⑤ 成長試算'!D16+B59*'⑤ 成長試算'!D13+C59*'⑤ 成長試算'!D10+D59*'⑤ 成長試算'!D7)/E59 | J59: =IF('⑤ 成長試算'!M14="—","—",A59*'⑤ 成長試算'!M14+B59*'⑤ 成長試算'!M11+C59*'⑤ 成長試算'!M8+D59*'⑤ 成長試算'!M5) | K59: =IF('⑤ 成長試算'!M15="—","—",A59*'⑤ 成長試算'!M15+B59*'⑤ 成長試算'!M12+C59*'⑤ 成長試算'!M9+D59*'⑤ 成長試算'!M6) | L59: =IF('⑤ 成長試算'!M16="—","—",(A59*'⑤ 成長試算'!M16+B59*'⑤ 成長試算'!M13+C59*'⑤ 成長試算'!M10+D59*'⑤ 成長試算'!M7)/E59)
A60: 1 | B60: 2 | C60: 1 | D60: 0 | E60: 4 | F60: 16 | G60: =A60*'⑤ 成長試算'!D14+B60*'⑤ 成長試算'!D11+C60*'⑤ 成長試算'!D8+D60*'⑤ 成長試算'!D5 | H60: =A60*'⑤ 成長試算'!D15+B60*'⑤ 成長試算'!D12+C60*'⑤ 成長試算'!D9+D60*'⑤ 成長試算'!D6 | I60: =(A60*'⑤ 成長試算'!D16+B60*'⑤ 成長試算'!D13+C60*'⑤ 成長試算'!D10+D60*'⑤ 成長試算'!D7)/E60 | J60: =IF('⑤ 成長試算'!M14="—","—",A60*'⑤ 成長試算'!M14+B60*'⑤ 成長試算'!M11+C60*'⑤ 成長試算'!M8+D60*'⑤ 成長試算'!M5) | K60: =IF('⑤ 成長試算'!M15="—","—",A60*'⑤ 成長試算'!M15+B60*'⑤ 成長試算'!M12+C60*'⑤ 成長試算'!M9+D60*'⑤ 成長試算'!M6) | L60: =IF('⑤ 成長試算'!M16="—","—",(A60*'⑤ 成長試算'!M16+B60*'⑤ 成長試算'!M13+C60*'⑤ 成長試算'!M10+D60*'⑤ 成長試算'!M7)/E60)
A61: 0 | B61: 4 | C61: 0 | D61: 0 | E61: 4 | F61: 16 | G61: =A61*'⑤ 成長試算'!D14+B61*'⑤ 成長試算'!D11+C61*'⑤ 成長試算'!D8+D61*'⑤ 成長試算'!D5 | H61: =A61*'⑤ 成長試算'!D15+B61*'⑤ 成長試算'!D12+C61*'⑤ 成長試算'!D9+D61*'⑤ 成長試算'!D6 | I61: =(A61*'⑤ 成長試算'!D16+B61*'⑤ 成長試算'!D13+C61*'⑤ 成長試算'!D10+D61*'⑤ 成長試算'!D7)/E61 | J61: =IF('⑤ 成長試算'!M14="—","—",A61*'⑤ 成長試算'!M14+B61*'⑤ 成長試算'!M11+C61*'⑤ 成長試算'!M8+D61*'⑤ 成長試算'!M5) | K61: =IF('⑤ 成長試算'!M15="—","—",A61*'⑤ 成長試算'!M15+B61*'⑤ 成長試算'!M12+C61*'⑤ 成長試算'!M9+D61*'⑤ 成長試算'!M6) | L61: =IF('⑤ 成長試算'!M16="—","—",(A61*'⑤ 成長試算'!M16+B61*'⑤ 成長試算'!M13+C61*'⑤ 成長試算'!M10+D61*'⑤ 成長試算'!M7)/E61)
A62: 2 | B62: 0 | C62: 1 | D62: 1 | E62: 4 | F62: 15 | G62: =A62*'⑤ 成長試算'!D14+B62*'⑤ 成長試算'!D11+C62*'⑤ 成長試算'!D8+D62*'⑤ 成長試算'!D5 | H62: =A62*'⑤ 成長試算'!D15+B62*'⑤ 成長試算'!D12+C62*'⑤ 成長試算'!D9+D62*'⑤ 成長試算'!D6 | I62: =(A62*'⑤ 成長試算'!D16+B62*'⑤ 成長試算'!D13+C62*'⑤ 成長試算'!D10+D62*'⑤ 成長試算'!D7)/E62 | J62: =IF('⑤ 成長試算'!M14="—","—",A62*'⑤ 成長試算'!M14+B62*'⑤ 成長試算'!M11+C62*'⑤ 成長試算'!M8+D62*'⑤ 成長試算'!M5) | K62: =IF('⑤ 成長試算'!M15="—","—",A62*'⑤ 成長試算'!M15+B62*'⑤ 成長試算'!M12+C62*'⑤ 成長試算'!M9+D62*'⑤ 成長試算'!M6) | L62: =IF('⑤ 成長試算'!M16="—","—",(A62*'⑤ 成長試算'!M16+B62*'⑤ 成長試算'!M13+C62*'⑤ 成長試算'!M10+D62*'⑤ 成長試算'!M7)/E62)
A63: 1 | B63: 2 | C63: 0 | D63: 1 | E63: 4 | F63: 15 | G63: =A63*'⑤ 成長試算'!D14+B63*'⑤ 成長試算'!D11+C63*'⑤ 成長試算'!D8+D63*'⑤ 成長試算'!D5 | H63: =A63*'⑤ 成長試算'!D15+B63*'⑤ 成長試算'!D12+C63*'⑤ 成長試算'!D9+D63*'⑤ 成長試算'!D6 | I63: =(A63*'⑤ 成長試算'!D16+B63*'⑤ 成長試算'!D13+C63*'⑤ 成長試算'!D10+D63*'⑤ 成長試算'!D7)/E63 | J63: =IF('⑤ 成長試算'!M14="—","—",A63*'⑤ 成長試算'!M14+B63*'⑤ 成長試算'!M11+C63*'⑤ 成長試算'!M8+D63*'⑤ 成長試算'!M5) | K63: =IF('⑤ 成長試算'!M15="—","—",A63*'⑤ 成長試算'!M15+B63*'⑤ 成長試算'!M12+C63*'⑤ 成長試算'!M9+D63*'⑤ 成長試算'!M6) | L63: =IF('⑤ 成長試算'!M16="—","—",(A63*'⑤ 成長試算'!M16+B63*'⑤ 成長試算'!M13+C63*'⑤ 成長試算'!M10+D63*'⑤ 成長試算'!M7)/E63)
A64: 1 | B64: 1 | C64: 2 | D64: 0 | E64: 4 | F64: 15 | G64: =A64*'⑤ 成長試算'!D14+B64*'⑤ 成長試算'!D11+C64*'⑤ 成長試算'!D8+D64*'⑤ 成長試算'!D5 | H64: =A64*'⑤ 成長試算'!D15+B64*'⑤ 成長試算'!D12+C64*'⑤ 成長試算'!D9+D64*'⑤ 成長試算'!D6 | I64: =(A64*'⑤ 成長試算'!D16+B64*'⑤ 成長試算'!D13+C64*'⑤ 成長試算'!D10+D64*'⑤ 成長試算'!D7)/E64 | J64: =IF('⑤ 成長試算'!M14="—","—",A64*'⑤ 成長試算'!M14+B64*'⑤ 成長試算'!M11+C64*'⑤ 成長試算'!M8+D64*'⑤ 成長試算'!M5) | K64: =IF('⑤ 成長試算'!M15="—","—",A64*'⑤ 成長試算'!M15+B64*'⑤ 成長試算'!M12+C64*'⑤ 成長試算'!M9+D64*'⑤ 成長試算'!M6) | L64: =IF('⑤ 成長試算'!M16="—","—",(A64*'⑤ 成長試算'!M16+B64*'⑤ 成長試算'!M13+C64*'⑤ 成長試算'!M10+D64*'⑤ 成長試算'!M7)/E64)
A65: 0 | B65: 3 | C65: 1 | D65: 0 | E65: 4 | F65: 15 | G65: =A65*'⑤ 成長試算'!D14+B65*'⑤ 成長試算'!D11+C65*'⑤ 成長試算'!D8+D65*'⑤ 成長試算'!D5 | H65: =A65*'⑤ 成長試算'!D15+B65*'⑤ 成長試算'!D12+C65*'⑤ 成長試算'!D9+D65*'⑤ 成長試算'!D6 | I65: =(A65*'⑤ 成長試算'!D16+B65*'⑤ 成長試算'!D13+C65*'⑤ 成長試算'!D10+D65*'⑤ 成長試算'!D7)/E65 | J65: =IF('⑤ 成長試算'!M14="—","—",A65*'⑤ 成長試算'!M14+B65*'⑤ 成長試算'!M11+C65*'⑤ 成長試算'!M8+D65*'⑤ 成長試算'!M5) | K65: =IF('⑤ 成長試算'!M15="—","—",A65*'⑤ 成長試算'!M15+B65*'⑤ 成長試算'!M12+C65*'⑤ 成長試算'!M9+D65*'⑤ 成長試算'!M6) | L65: =IF('⑤ 成長試算'!M16="—","—",(A65*'⑤ 成長試算'!M16+B65*'⑤ 成長試算'!M13+C65*'⑤ 成長試算'!M10+D65*'⑤ 成長試算'!M7)/E65)
A66: 2 | B66: 0 | C66: 0 | D66: 2 | E66: 4 | F66: 14 | G66: =A66*'⑤ 成長試算'!D14+B66*'⑤ 成長試算'!D11+C66*'⑤ 成長試算'!D8+D66*'⑤ 成長試算'!D5 | H66: =A66*'⑤ 成長試算'!D15+B66*'⑤ 成長試算'!D12+C66*'⑤ 成長試算'!D9+D66*'⑤ 成長試算'!D6 | I66: =(A66*'⑤ 成長試算'!D16+B66*'⑤ 成長試算'!D13+C66*'⑤ 成長試算'!D10+D66*'⑤ 成長試算'!D7)/E66 | J66: =IF('⑤ 成長試算'!M14="—","—",A66*'⑤ 成長試算'!M14+B66*'⑤ 成長試算'!M11+C66*'⑤ 成長試算'!M8+D66*'⑤ 成長試算'!M5) | K66: =IF('⑤ 成長試算'!M15="—","—",A66*'⑤ 成長試算'!M15+B66*'⑤ 成長試算'!M12+C66*'⑤ 成長試算'!M9+D66*'⑤ 成長試算'!M6) | L66: =IF('⑤ 成長試算'!M16="—","—",(A66*'⑤ 成長試算'!M16+B66*'⑤ 成長試算'!M13+C66*'⑤ 成長試算'!M10+D66*'⑤ 成長試算'!M7)/E66)
A67: 1 | B67: 1 | C67: 1 | D67: 1 | E67: 4 | F67: 14 | G67: =A67*'⑤ 成長試算'!D14+B67*'⑤ 成長試算'!D11+C67*'⑤ 成長試算'!D8+D67*'⑤ 成長試算'!D5 | H67: =A67*'⑤ 成長試算'!D15+B67*'⑤ 成長試算'!D12+C67*'⑤ 成長試算'!D9+D67*'⑤ 成長試算'!D6 | I67: =(A67*'⑤ 成長試算'!D16+B67*'⑤ 成長試算'!D13+C67*'⑤ 成長試算'!D10+D67*'⑤ 成長試算'!D7)/E67 | J67: =IF('⑤ 成長試算'!M14="—","—",A67*'⑤ 成長試算'!M14+B67*'⑤ 成長試算'!M11+C67*'⑤ 成長試算'!M8+D67*'⑤ 成長試算'!M5) | K67: =IF('⑤ 成長試算'!M15="—","—",A67*'⑤ 成長試算'!M15+B67*'⑤ 成長試算'!M12+C67*'⑤ 成長試算'!M9+D67*'⑤ 成長試算'!M6) | L67: =IF('⑤ 成長試算'!M16="—","—",(A67*'⑤ 成長試算'!M16+B67*'⑤ 成長試算'!M13+C67*'⑤ 成長試算'!M10+D67*'⑤ 成長試算'!M7)/E67)
A68: 1 | B68: 0 | C68: 3 | D68: 0 | E68: 4 | F68: 14 | G68: =A68*'⑤ 成長試算'!D14+B68*'⑤ 成長試算'!D11+C68*'⑤ 成長試算'!D8+D68*'⑤ 成長試算'!D5 | H68: =A68*'⑤ 成長試算'!D15+B68*'⑤ 成長試算'!D12+C68*'⑤ 成長試算'!D9+D68*'⑤ 成長試算'!D6 | I68: =(A68*'⑤ 成長試算'!D16+B68*'⑤ 成長試算'!D13+C68*'⑤ 成長試算'!D10+D68*'⑤ 成長試算'!D7)/E68 | J68: =IF('⑤ 成長試算'!M14="—","—",A68*'⑤ 成長試算'!M14+B68*'⑤ 成長試算'!M11+C68*'⑤ 成長試算'!M8+D68*'⑤ 成長試算'!M5) | K68: =IF('⑤ 成長試算'!M15="—","—",A68*'⑤ 成長試算'!M15+B68*'⑤ 成長試算'!M12+C68*'⑤ 成長試算'!M9+D68*'⑤ 成長試算'!M6) | L68: =IF('⑤ 成長試算'!M16="—","—",(A68*'⑤ 成長試算'!M16+B68*'⑤ 成長試算'!M13+C68*'⑤ 成長試算'!M10+D68*'⑤ 成長試算'!M7)/E68)
A69: 0 | B69: 3 | C69: 0 | D69: 1 | E69: 4 | F69: 14 | G69: =A69*'⑤ 成長試算'!D14+B69*'⑤ 成長試算'!D11+C69*'⑤ 成長試算'!D8+D69*'⑤ 成長試算'!D5 | H69: =A69*'⑤ 成長試算'!D15+B69*'⑤ 成長試算'!D12+C69*'⑤ 成長試算'!D9+D69*'⑤ 成長試算'!D6 | I69: =(A69*'⑤ 成長試算'!D16+B69*'⑤ 成長試算'!D13+C69*'⑤ 成長試算'!D10+D69*'⑤ 成長試算'!D7)/E69 | J69: =IF('⑤ 成長試算'!M14="—","—",A69*'⑤ 成長試算'!M14+B69*'⑤ 成長試算'!M11+C69*'⑤ 成長試算'!M8+D69*'⑤ 成長試算'!M5) | K69: =IF('⑤ 成長試算'!M15="—","—",A69*'⑤ 成長試算'!M15+B69*'⑤ 成長試算'!M12+C69*'⑤ 成長試算'!M9+D69*'⑤ 成長試算'!M6) | L69: =IF('⑤ 成長試算'!M16="—","—",(A69*'⑤ 成長試算'!M16+B69*'⑤ 成長試算'!M13+C69*'⑤ 成長試算'!M10+D69*'⑤ 成長試算'!M7)/E69)
A70: 0 | B70: 2 | C70: 2 | D70: 0 | E70: 4 | F70: 14 | G70: =A70*'⑤ 成長試算'!D14+B70*'⑤ 成長試算'!D11+C70*'⑤ 成長試算'!D8+D70*'⑤ 成長試算'!D5 | H70: =A70*'⑤ 成長試算'!D15+B70*'⑤ 成長試算'!D12+C70*'⑤ 成長試算'!D9+D70*'⑤ 成長試算'!D6 | I70: =(A70*'⑤ 成長試算'!D16+B70*'⑤ 成長試算'!D13+C70*'⑤ 成長試算'!D10+D70*'⑤ 成長試算'!D7)/E70 | J70: =IF('⑤ 成長試算'!M14="—","—",A70*'⑤ 成長試算'!M14+B70*'⑤ 成長試算'!M11+C70*'⑤ 成長試算'!M8+D70*'⑤ 成長試算'!M5) | K70: =IF('⑤ 成長試算'!M15="—","—",A70*'⑤ 成長試算'!M15+B70*'⑤ 成長試算'!M12+C70*'⑤ 成長試算'!M9+D70*'⑤ 成長試算'!M6) | L70: =IF('⑤ 成長試算'!M16="—","—",(A70*'⑤ 成長試算'!M16+B70*'⑤ 成長試算'!M13+C70*'⑤ 成長試算'!M10+D70*'⑤ 成長試算'!M7)/E70)
A71: 1 | B71: 1 | C71: 0 | D71: 2 | E71: 4 | F71: 13 | G71: =A71*'⑤ 成長試算'!D14+B71*'⑤ 成長試算'!D11+C71*'⑤ 成長試算'!D8+D71*'⑤ 成長試算'!D5 | H71: =A71*'⑤ 成長試算'!D15+B71*'⑤ 成長試算'!D12+C71*'⑤ 成長試算'!D9+D71*'⑤ 成長試算'!D6 | I71: =(A71*'⑤ 成長試算'!D16+B71*'⑤ 成長試算'!D13+C71*'⑤ 成長試算'!D10+D71*'⑤ 成長試算'!D7)/E71 | J71: =IF('⑤ 成長試算'!M14="—","—",A71*'⑤ 成長試算'!M14+B71*'⑤ 成長試算'!M11+C71*'⑤ 成長試算'!M8+D71*'⑤ 成長試算'!M5) | K71: =IF('⑤ 成長試算'!M15="—","—",A71*'⑤ 成長試算'!M15+B71*'⑤ 成長試算'!M12+C71*'⑤ 成長試算'!M9+D71*'⑤ 成長試算'!M6) | L71: =IF('⑤ 成長試算'!M16="—","—",(A71*'⑤ 成長試算'!M16+B71*'⑤ 成長試算'!M13+C71*'⑤ 成長試算'!M10+D71*'⑤ 成長試算'!M7)/E71)
A72: 1 | B72: 0 | C72: 2 | D72: 1 | E72: 4 | F72: 13 | G72: =A72*'⑤ 成長試算'!D14+B72*'⑤ 成長試算'!D11+C72*'⑤ 成長試算'!D8+D72*'⑤ 成長試算'!D5 | H72: =A72*'⑤ 成長試算'!D15+B72*'⑤ 成長試算'!D12+C72*'⑤ 成長試算'!D9+D72*'⑤ 成長試算'!D6 | I72: =(A72*'⑤ 成長試算'!D16+B72*'⑤ 成長試算'!D13+C72*'⑤ 成長試算'!D10+D72*'⑤ 成長試算'!D7)/E72 | J72: =IF('⑤ 成長試算'!M14="—","—",A72*'⑤ 成長試算'!M14+B72*'⑤ 成長試算'!M11+C72*'⑤ 成長試算'!M8+D72*'⑤ 成長試算'!M5) | K72: =IF('⑤ 成長試算'!M15="—","—",A72*'⑤ 成長試算'!M15+B72*'⑤ 成長試算'!M12+C72*'⑤ 成長試算'!M9+D72*'⑤ 成長試算'!M6) | L72: =IF('⑤ 成長試算'!M16="—","—",(A72*'⑤ 成長試算'!M16+B72*'⑤ 成長試算'!M13+C72*'⑤ 成長試算'!M10+D72*'⑤ 成長試算'!M7)/E72)
A73: 0 | B73: 2 | C73: 1 | D73: 1 | E73: 4 | F73: 13 | G73: =A73*'⑤ 成長試算'!D14+B73*'⑤ 成長試算'!D11+C73*'⑤ 成長試算'!D8+D73*'⑤ 成長試算'!D5 | H73: =A73*'⑤ 成長試算'!D15+B73*'⑤ 成長試算'!D12+C73*'⑤ 成長試算'!D9+D73*'⑤ 成長試算'!D6 | I73: =(A73*'⑤ 成長試算'!D16+B73*'⑤ 成長試算'!D13+C73*'⑤ 成長試算'!D10+D73*'⑤ 成長試算'!D7)/E73 | J73: =IF('⑤ 成長試算'!M14="—","—",A73*'⑤ 成長試算'!M14+B73*'⑤ 成長試算'!M11+C73*'⑤ 成長試算'!M8+D73*'⑤ 成長試算'!M5) | K73: =IF('⑤ 成長試算'!M15="—","—",A73*'⑤ 成長試算'!M15+B73*'⑤ 成長試算'!M12+C73*'⑤ 成長試算'!M9+D73*'⑤ 成長試算'!M6) | L73: =IF('⑤ 成長試算'!M16="—","—",(A73*'⑤ 成長試算'!M16+B73*'⑤ 成長試算'!M13+C73*'⑤ 成長試算'!M10+D73*'⑤ 成長試算'!M7)/E73)
A74: 0 | B74: 1 | C74: 3 | D74: 0 | E74: 4 | F74: 13 | G74: =A74*'⑤ 成長試算'!D14+B74*'⑤ 成長試算'!D11+C74*'⑤ 成長試算'!D8+D74*'⑤ 成長試算'!D5 | H74: =A74*'⑤ 成長試算'!D15+B74*'⑤ 成長試算'!D12+C74*'⑤ 成長試算'!D9+D74*'⑤ 成長試算'!D6 | I74: =(A74*'⑤ 成長試算'!D16+B74*'⑤ 成長試算'!D13+C74*'⑤ 成長試算'!D10+D74*'⑤ 成長試算'!D7)/E74 | J74: =IF('⑤ 成長試算'!M14="—","—",A74*'⑤ 成長試算'!M14+B74*'⑤ 成長試算'!M11+C74*'⑤ 成長試算'!M8+D74*'⑤ 成長試算'!M5) | K74: =IF('⑤ 成長試算'!M15="—","—",A74*'⑤ 成長試算'!M15+B74*'⑤ 成長試算'!M12+C74*'⑤ 成長試算'!M9+D74*'⑤ 成長試算'!M6) | L74: =IF('⑤ 成長試算'!M16="—","—",(A74*'⑤ 成長試算'!M16+B74*'⑤ 成長試算'!M13+C74*'⑤ 成長試算'!M10+D74*'⑤ 成長試算'!M7)/E74)
A75: 1 | B75: 0 | C75: 1 | D75: 2 | E75: 4 | F75: 12 | G75: =A75*'⑤ 成長試算'!D14+B75*'⑤ 成長試算'!D11+C75*'⑤ 成長試算'!D8+D75*'⑤ 成長試算'!D5 | H75: =A75*'⑤ 成長試算'!D15+B75*'⑤ 成長試算'!D12+C75*'⑤ 成長試算'!D9+D75*'⑤ 成長試算'!D6 | I75: =(A75*'⑤ 成長試算'!D16+B75*'⑤ 成長試算'!D13+C75*'⑤ 成長試算'!D10+D75*'⑤ 成長試算'!D7)/E75 | J75: =IF('⑤ 成長試算'!M14="—","—",A75*'⑤ 成長試算'!M14+B75*'⑤ 成長試算'!M11+C75*'⑤ 成長試算'!M8+D75*'⑤ 成長試算'!M5) | K75: =IF('⑤ 成長試算'!M15="—","—",A75*'⑤ 成長試算'!M15+B75*'⑤ 成長試算'!M12+C75*'⑤ 成長試算'!M9+D75*'⑤ 成長試算'!M6) | L75: =IF('⑤ 成長試算'!M16="—","—",(A75*'⑤ 成長試算'!M16+B75*'⑤ 成長試算'!M13+C75*'⑤ 成長試算'!M10+D75*'⑤ 成長試算'!M7)/E75)
A76: 0 | B76: 2 | C76: 0 | D76: 2 | E76: 4 | F76: 12 | G76: =A76*'⑤ 成長試算'!D14+B76*'⑤ 成長試算'!D11+C76*'⑤ 成長試算'!D8+D76*'⑤ 成長試算'!D5 | H76: =A76*'⑤ 成長試算'!D15+B76*'⑤ 成長試算'!D12+C76*'⑤ 成長試算'!D9+D76*'⑤ 成長試算'!D6 | I76: =(A76*'⑤ 成長試算'!D16+B76*'⑤ 成長試算'!D13+C76*'⑤ 成長試算'!D10+D76*'⑤ 成長試算'!D7)/E76 | J76: =IF('⑤ 成長試算'!M14="—","—",A76*'⑤ 成長試算'!M14+B76*'⑤ 成長試算'!M11+C76*'⑤ 成長試算'!M8+D76*'⑤ 成長試算'!M5) | K76: =IF('⑤ 成長試算'!M15="—","—",A76*'⑤ 成長試算'!M15+B76*'⑤ 成長試算'!M12+C76*'⑤ 成長試算'!M9+D76*'⑤ 成長試算'!M6) | L76: =IF('⑤ 成長試算'!M16="—","—",(A76*'⑤ 成長試算'!M16+B76*'⑤ 成長試算'!M13+C76*'⑤ 成長試算'!M10+D76*'⑤ 成長試算'!M7)/E76)
A77: 0 | B77: 1 | C77: 2 | D77: 1 | E77: 4 | F77: 12 | G77: =A77*'⑤ 成長試算'!D14+B77*'⑤ 成長試算'!D11+C77*'⑤ 成長試算'!D8+D77*'⑤ 成長試算'!D5 | H77: =A77*'⑤ 成長試算'!D15+B77*'⑤ 成長試算'!D12+C77*'⑤ 成長試算'!D9+D77*'⑤ 成長試算'!D6 | I77: =(A77*'⑤ 成長試算'!D16+B77*'⑤ 成長試算'!D13+C77*'⑤ 成長試算'!D10+D77*'⑤ 成長試算'!D7)/E77 | J77: =IF('⑤ 成長試算'!M14="—","—",A77*'⑤ 成長試算'!M14+B77*'⑤ 成長試算'!M11+C77*'⑤ 成長試算'!M8+D77*'⑤ 成長試算'!M5) | K77: =IF('⑤ 成長試算'!M15="—","—",A77*'⑤ 成長試算'!M15+B77*'⑤ 成長試算'!M12+C77*'⑤ 成長試算'!M9+D77*'⑤ 成長試算'!M6) | L77: =IF('⑤ 成長試算'!M16="—","—",(A77*'⑤ 成長試算'!M16+B77*'⑤ 成長試算'!M13+C77*'⑤ 成長試算'!M10+D77*'⑤ 成長試算'!M7)/E77)
A78: 0 | B78: 0 | C78: 4 | D78: 0 | E78: 4 | F78: 12 | G78: =A78*'⑤ 成長試算'!D14+B78*'⑤ 成長試算'!D11+C78*'⑤ 成長試算'!D8+D78*'⑤ 成長試算'!D5 | H78: =A78*'⑤ 成長試算'!D15+B78*'⑤ 成長試算'!D12+C78*'⑤ 成長試算'!D9+D78*'⑤ 成長試算'!D6 | I78: =(A78*'⑤ 成長試算'!D16+B78*'⑤ 成長試算'!D13+C78*'⑤ 成長試算'!D10+D78*'⑤ 成長試算'!D7)/E78 | J78: =IF('⑤ 成長試算'!M14="—","—",A78*'⑤ 成長試算'!M14+B78*'⑤ 成長試算'!M11+C78*'⑤ 成長試算'!M8+D78*'⑤ 成長試算'!M5) | K78: =IF('⑤ 成長試算'!M15="—","—",A78*'⑤ 成長試算'!M15+B78*'⑤ 成長試算'!M12+C78*'⑤ 成長試算'!M9+D78*'⑤ 成長試算'!M6) | L78: =IF('⑤ 成長試算'!M16="—","—",(A78*'⑤ 成長試算'!M16+B78*'⑤ 成長試算'!M13+C78*'⑤ 成長試算'!M10+D78*'⑤ 成長試算'!M7)/E78)
A79: 1 | B79: 0 | C79: 0 | D79: 3 | E79: 4 | F79: 11 | G79: =A79*'⑤ 成長試算'!D14+B79*'⑤ 成長試算'!D11+C79*'⑤ 成長試算'!D8+D79*'⑤ 成長試算'!D5 | H79: =A79*'⑤ 成長試算'!D15+B79*'⑤ 成長試算'!D12+C79*'⑤ 成長試算'!D9+D79*'⑤ 成長試算'!D6 | I79: =(A79*'⑤ 成長試算'!D16+B79*'⑤ 成長試算'!D13+C79*'⑤ 成長試算'!D10+D79*'⑤ 成長試算'!D7)/E79 | J79: =IF('⑤ 成長試算'!M14="—","—",A79*'⑤ 成長試算'!M14+B79*'⑤ 成長試算'!M11+C79*'⑤ 成長試算'!M8+D79*'⑤ 成長試算'!M5) | K79: =IF('⑤ 成長試算'!M15="—","—",A79*'⑤ 成長試算'!M15+B79*'⑤ 成長試算'!M12+C79*'⑤ 成長試算'!M9+D79*'⑤ 成長試算'!M6) | L79: =IF('⑤ 成長試算'!M16="—","—",(A79*'⑤ 成長試算'!M16+B79*'⑤ 成長試算'!M13+C79*'⑤ 成長試算'!M10+D79*'⑤ 成長試算'!M7)/E79)
A80: 0 | B80: 1 | C80: 1 | D80: 2 | E80: 4 | F80: 11 | G80: =A80*'⑤ 成長試算'!D14+B80*'⑤ 成長試算'!D11+C80*'⑤ 成長試算'!D8+D80*'⑤ 成長試算'!D5 | H80: =A80*'⑤ 成長試算'!D15+B80*'⑤ 成長試算'!D12+C80*'⑤ 成長試算'!D9+D80*'⑤ 成長試算'!D6 | I80: =(A80*'⑤ 成長試算'!D16+B80*'⑤ 成長試算'!D13+C80*'⑤ 成長試算'!D10+D80*'⑤ 成長試算'!D7)/E80 | J80: =IF('⑤ 成長試算'!M14="—","—",A80*'⑤ 成長試算'!M14+B80*'⑤ 成長試算'!M11+C80*'⑤ 成長試算'!M8+D80*'⑤ 成長試算'!M5) | K80: =IF('⑤ 成長試算'!M15="—","—",A80*'⑤ 成長試算'!M15+B80*'⑤ 成長試算'!M12+C80*'⑤ 成長試算'!M9+D80*'⑤ 成長試算'!M6) | L80: =IF('⑤ 成長試算'!M16="—","—",(A80*'⑤ 成長試算'!M16+B80*'⑤ 成長試算'!M13+C80*'⑤ 成長試算'!M10+D80*'⑤ 成長試算'!M7)/E80)
A81: 0 | B81: 0 | C81: 3 | D81: 1 | E81: 4 | F81: 11 | G81: =A81*'⑤ 成長試算'!D14+B81*'⑤ 成長試算'!D11+C81*'⑤ 成長試算'!D8+D81*'⑤ 成長試算'!D5 | H81: =A81*'⑤ 成長試算'!D15+B81*'⑤ 成長試算'!D12+C81*'⑤ 成長試算'!D9+D81*'⑤ 成長試算'!D6 | I81: =(A81*'⑤ 成長試算'!D16+B81*'⑤ 成長試算'!D13+C81*'⑤ 成長試算'!D10+D81*'⑤ 成長試算'!D7)/E81 | J81: =IF('⑤ 成長試算'!M14="—","—",A81*'⑤ 成長試算'!M14+B81*'⑤ 成長試算'!M11+C81*'⑤ 成長試算'!M8+D81*'⑤ 成長試算'!M5) | K81: =IF('⑤ 成長試算'!M15="—","—",A81*'⑤ 成長試算'!M15+B81*'⑤ 成長試算'!M12+C81*'⑤ 成長試算'!M9+D81*'⑤ 成長試算'!M6) | L81: =IF('⑤ 成長試算'!M16="—","—",(A81*'⑤ 成長試算'!M16+B81*'⑤ 成長試算'!M13+C81*'⑤ 成長試算'!M10+D81*'⑤ 成長試算'!M7)/E81)
A82: 0 | B82: 1 | C82: 0 | D82: 3 | E82: 4 | F82: 10 | G82: =A82*'⑤ 成長試算'!D14+B82*'⑤ 成長試算'!D11+C82*'⑤ 成長試算'!D8+D82*'⑤ 成長試算'!D5 | H82: =A82*'⑤ 成長試算'!D15+B82*'⑤ 成長試算'!D12+C82*'⑤ 成長試算'!D9+D82*'⑤ 成長試算'!D6 | I82: =(A82*'⑤ 成長試算'!D16+B82*'⑤ 成長試算'!D13+C82*'⑤ 成長試算'!D10+D82*'⑤ 成長試算'!D7)/E82 | J82: =IF('⑤ 成長試算'!M14="—","—",A82*'⑤ 成長試算'!M14+B82*'⑤ 成長試算'!M11+C82*'⑤ 成長試算'!M8+D82*'⑤ 成長試算'!M5) | K82: =IF('⑤ 成長試算'!M15="—","—",A82*'⑤ 成長試算'!M15+B82*'⑤ 成長試算'!M12+C82*'⑤ 成長試算'!M9+D82*'⑤ 成長試算'!M6) | L82: =IF('⑤ 成長試算'!M16="—","—",(A82*'⑤ 成長試算'!M16+B82*'⑤ 成長試算'!M13+C82*'⑤ 成長試算'!M10+D82*'⑤ 成長試算'!M7)/E82)
A83: 0 | B83: 0 | C83: 2 | D83: 2 | E83: 4 | F83: 10 | G83: =A83*'⑤ 成長試算'!D14+B83*'⑤ 成長試算'!D11+C83*'⑤ 成長試算'!D8+D83*'⑤ 成長試算'!D5 | H83: =A83*'⑤ 成長試算'!D15+B83*'⑤ 成長試算'!D12+C83*'⑤ 成長試算'!D9+D83*'⑤ 成長試算'!D6 | I83: =(A83*'⑤ 成長試算'!D16+B83*'⑤ 成長試算'!D13+C83*'⑤ 成長試算'!D10+D83*'⑤ 成長試算'!D7)/E83 | J83: =IF('⑤ 成長試算'!M14="—","—",A83*'⑤ 成長試算'!M14+B83*'⑤ 成長試算'!M11+C83*'⑤ 成長試算'!M8+D83*'⑤ 成長試算'!M5) | K83: =IF('⑤ 成長試算'!M15="—","—",A83*'⑤ 成長試算'!M15+B83*'⑤ 成長試算'!M12+C83*'⑤ 成長試算'!M9+D83*'⑤ 成長試算'!M6) | L83: =IF('⑤ 成長試算'!M16="—","—",(A83*'⑤ 成長試算'!M16+B83*'⑤ 成長試算'!M13+C83*'⑤ 成長試算'!M10+D83*'⑤ 成長試算'!M7)/E83)
A84: 0 | B84: 0 | C84: 1 | D84: 3 | E84: 4 | F84: 9 | G84: =A84*'⑤ 成長試算'!D14+B84*'⑤ 成長試算'!D11+C84*'⑤ 成長試算'!D8+D84*'⑤ 成長試算'!D5 | H84: =A84*'⑤ 成長試算'!D15+B84*'⑤ 成長試算'!D12+C84*'⑤ 成長試算'!D9+D84*'⑤ 成長試算'!D6 | I84: =(A84*'⑤ 成長試算'!D16+B84*'⑤ 成長試算'!D13+C84*'⑤ 成長試算'!D10+D84*'⑤ 成長試算'!D7)/E84 | J84: =IF('⑤ 成長試算'!M14="—","—",A84*'⑤ 成長試算'!M14+B84*'⑤ 成長試算'!M11+C84*'⑤ 成長試算'!M8+D84*'⑤ 成長試算'!M5) | K84: =IF('⑤ 成長試算'!M15="—","—",A84*'⑤ 成長試算'!M15+B84*'⑤ 成長試算'!M12+C84*'⑤ 成長試算'!M9+D84*'⑤ 成長試算'!M6) | L84: =IF('⑤ 成長試算'!M16="—","—",(A84*'⑤ 成長試算'!M16+B84*'⑤ 成長試算'!M13+C84*'⑤ 成長試算'!M10+D84*'⑤ 成長試算'!M7)/E84)
A85: 0 | B85: 0 | C85: 0 | D85: 4 | E85: 4 | F85: 8 | G85: =A85*'⑤ 成長試算'!D14+B85*'⑤ 成長試算'!D11+C85*'⑤ 成長試算'!D8+D85*'⑤ 成長試算'!D5 | H85: =A85*'⑤ 成長試算'!D15+B85*'⑤ 成長試算'!D12+C85*'⑤ 成長試算'!D9+D85*'⑤ 成長試算'!D6 | I85: =(A85*'⑤ 成長試算'!D16+B85*'⑤ 成長試算'!D13+C85*'⑤ 成長試算'!D10+D85*'⑤ 成長試算'!D7)/E85 | J85: =IF('⑤ 成長試算'!M14="—","—",A85*'⑤ 成長試算'!M14+B85*'⑤ 成長試算'!M11+C85*'⑤ 成長試算'!M8+D85*'⑤ 成長試算'!M5) | K85: =IF('⑤ 成長試算'!M15="—","—",A85*'⑤ 成長試算'!M15+B85*'⑤ 成長試算'!M12+C85*'⑤ 成長試算'!M9+D85*'⑤ 成長試算'!M6) | L85: =IF('⑤ 成長試算'!M16="—","—",(A85*'⑤ 成長試算'!M16+B85*'⑤ 成長試算'!M13+C85*'⑤ 成長試算'!M10+D85*'⑤ 成長試算'!M7)/E85) | M85: C単一（最安）
A86: 3 | B86: 0 | C86: 0 | D86: 0 | E86: 3 | F86: 15 | G86: =A86*'⑤ 成長試算'!D14+B86*'⑤ 成長試算'!D11+C86*'⑤ 成長試算'!D8+D86*'⑤ 成長試算'!D5 | H86: =A86*'⑤ 成長試算'!D15+B86*'⑤ 成長試算'!D12+C86*'⑤ 成長試算'!D9+D86*'⑤ 成長試算'!D6 | I86: =(A86*'⑤ 成長試算'!D16+B86*'⑤ 成長試算'!D13+C86*'⑤ 成長試算'!D10+D86*'⑤ 成長試算'!D7)/E86 | J86: =IF('⑤ 成長試算'!M14="—","—",A86*'⑤ 成長試算'!M14+B86*'⑤ 成長試算'!M11+C86*'⑤ 成長試算'!M8+D86*'⑤ 成長試算'!M5) | K86: =IF('⑤ 成長試算'!M15="—","—",A86*'⑤ 成長試算'!M15+B86*'⑤ 成長試算'!M12+C86*'⑤ 成長試算'!M9+D86*'⑤ 成長試算'!M6) | L86: =IF('⑤ 成長試算'!M16="—","—",(A86*'⑤ 成長試算'!M16+B86*'⑤ 成長試算'!M13+C86*'⑤ 成長試算'!M10+D86*'⑤ 成長試算'!M7)/E86) | M86: S単一
A87: 2 | B87: 1 | C87: 0 | D87: 0 | E87: 3 | F87: 14 | G87: =A87*'⑤ 成長試算'!D14+B87*'⑤ 成長試算'!D11+C87*'⑤ 成長試算'!D8+D87*'⑤ 成長試算'!D5 | H87: =A87*'⑤ 成長試算'!D15+B87*'⑤ 成長試算'!D12+C87*'⑤ 成長試算'!D9+D87*'⑤ 成長試算'!D6 | I87: =(A87*'⑤ 成長試算'!D16+B87*'⑤ 成長試算'!D13+C87*'⑤ 成長試算'!D10+D87*'⑤ 成長試算'!D7)/E87 | J87: =IF('⑤ 成長試算'!M14="—","—",A87*'⑤ 成長試算'!M14+B87*'⑤ 成長試算'!M11+C87*'⑤ 成長試算'!M8+D87*'⑤ 成長試算'!M5) | K87: =IF('⑤ 成長試算'!M15="—","—",A87*'⑤ 成長試算'!M15+B87*'⑤ 成長試算'!M12+C87*'⑤ 成長試算'!M9+D87*'⑤ 成長試算'!M6) | L87: =IF('⑤ 成長試算'!M16="—","—",(A87*'⑤ 成長試算'!M16+B87*'⑤ 成長試算'!M13+C87*'⑤ 成長試算'!M10+D87*'⑤ 成長試算'!M7)/E87)
A88: 2 | B88: 0 | C88: 1 | D88: 0 | E88: 3 | F88: 13 | G88: =A88*'⑤ 成長試算'!D14+B88*'⑤ 成長試算'!D11+C88*'⑤ 成長試算'!D8+D88*'⑤ 成長試算'!D5 | H88: =A88*'⑤ 成長試算'!D15+B88*'⑤ 成長試算'!D12+C88*'⑤ 成長試算'!D9+D88*'⑤ 成長試算'!D6 | I88: =(A88*'⑤ 成長試算'!D16+B88*'⑤ 成長試算'!D13+C88*'⑤ 成長試算'!D10+D88*'⑤ 成長試算'!D7)/E88 | J88: =IF('⑤ 成長試算'!M14="—","—",A88*'⑤ 成長試算'!M14+B88*'⑤ 成長試算'!M11+C88*'⑤ 成長試算'!M8+D88*'⑤ 成長試算'!M5) | K88: =IF('⑤ 成長試算'!M15="—","—",A88*'⑤ 成長試算'!M15+B88*'⑤ 成長試算'!M12+C88*'⑤ 成長試算'!M9+D88*'⑤ 成長試算'!M6) | L88: =IF('⑤ 成長試算'!M16="—","—",(A88*'⑤ 成長試算'!M16+B88*'⑤ 成長試算'!M13+C88*'⑤ 成長試算'!M10+D88*'⑤ 成長試算'!M7)/E88)
A89: 1 | B89: 2 | C89: 0 | D89: 0 | E89: 3 | F89: 13 | G89: =A89*'⑤ 成長試算'!D14+B89*'⑤ 成長試算'!D11+C89*'⑤ 成長試算'!D8+D89*'⑤ 成長試算'!D5 | H89: =A89*'⑤ 成長試算'!D15+B89*'⑤ 成長試算'!D12+C89*'⑤ 成長試算'!D9+D89*'⑤ 成長試算'!D6 | I89: =(A89*'⑤ 成長試算'!D16+B89*'⑤ 成長試算'!D13+C89*'⑤ 成長試算'!D10+D89*'⑤ 成長試算'!D7)/E89 | J89: =IF('⑤ 成長試算'!M14="—","—",A89*'⑤ 成長試算'!M14+B89*'⑤ 成長試算'!M11+C89*'⑤ 成長試算'!M8+D89*'⑤ 成長試算'!M5) | K89: =IF('⑤ 成長試算'!M15="—","—",A89*'⑤ 成長試算'!M15+B89*'⑤ 成長試算'!M12+C89*'⑤ 成長試算'!M9+D89*'⑤ 成長試算'!M6) | L89: =IF('⑤ 成長試算'!M16="—","—",(A89*'⑤ 成長試算'!M16+B89*'⑤ 成長試算'!M13+C89*'⑤ 成長試算'!M10+D89*'⑤ 成長試算'!M7)/E89)
A90: 2 | B90: 0 | C90: 0 | D90: 1 | E90: 3 | F90: 12 | G90: =A90*'⑤ 成長試算'!D14+B90*'⑤ 成長試算'!D11+C90*'⑤ 成長試算'!D8+D90*'⑤ 成長試算'!D5 | H90: =A90*'⑤ 成長試算'!D15+B90*'⑤ 成長試算'!D12+C90*'⑤ 成長試算'!D9+D90*'⑤ 成長試算'!D6 | I90: =(A90*'⑤ 成長試算'!D16+B90*'⑤ 成長試算'!D13+C90*'⑤ 成長試算'!D10+D90*'⑤ 成長試算'!D7)/E90 | J90: =IF('⑤ 成長試算'!M14="—","—",A90*'⑤ 成長試算'!M14+B90*'⑤ 成長試算'!M11+C90*'⑤ 成長試算'!M8+D90*'⑤ 成長試算'!M5) | K90: =IF('⑤ 成長試算'!M15="—","—",A90*'⑤ 成長試算'!M15+B90*'⑤ 成長試算'!M12+C90*'⑤ 成長試算'!M9+D90*'⑤ 成長試算'!M6) | L90: =IF('⑤ 成長試算'!M16="—","—",(A90*'⑤ 成長試算'!M16+B90*'⑤ 成長試算'!M13+C90*'⑤ 成長試算'!M10+D90*'⑤ 成長試算'!M7)/E90)
A91: 1 | B91: 1 | C91: 1 | D91: 0 | E91: 3 | F91: 12 | G91: =A91*'⑤ 成長試算'!D14+B91*'⑤ 成長試算'!D11+C91*'⑤ 成長試算'!D8+D91*'⑤ 成長試算'!D5 | H91: =A91*'⑤ 成長試算'!D15+B91*'⑤ 成長試算'!D12+C91*'⑤ 成長試算'!D9+D91*'⑤ 成長試算'!D6 | I91: =(A91*'⑤ 成長試算'!D16+B91*'⑤ 成長試算'!D13+C91*'⑤ 成長試算'!D10+D91*'⑤ 成長試算'!D7)/E91 | J91: =IF('⑤ 成長試算'!M14="—","—",A91*'⑤ 成長試算'!M14+B91*'⑤ 成長試算'!M11+C91*'⑤ 成長試算'!M8+D91*'⑤ 成長試算'!M5) | K91: =IF('⑤ 成長試算'!M15="—","—",A91*'⑤ 成長試算'!M15+B91*'⑤ 成長試算'!M12+C91*'⑤ 成長試算'!M9+D91*'⑤ 成長試算'!M6) | L91: =IF('⑤ 成長試算'!M16="—","—",(A91*'⑤ 成長試算'!M16+B91*'⑤ 成長試算'!M13+C91*'⑤ 成長試算'!M10+D91*'⑤ 成長試算'!M7)/E91)
A92: 0 | B92: 3 | C92: 0 | D92: 0 | E92: 3 | F92: 12 | G92: =A92*'⑤ 成長試算'!D14+B92*'⑤ 成長試算'!D11+C92*'⑤ 成長試算'!D8+D92*'⑤ 成長試算'!D5 | H92: =A92*'⑤ 成長試算'!D15+B92*'⑤ 成長試算'!D12+C92*'⑤ 成長試算'!D9+D92*'⑤ 成長試算'!D6 | I92: =(A92*'⑤ 成長試算'!D16+B92*'⑤ 成長試算'!D13+C92*'⑤ 成長試算'!D10+D92*'⑤ 成長試算'!D7)/E92 | J92: =IF('⑤ 成長試算'!M14="—","—",A92*'⑤ 成長試算'!M14+B92*'⑤ 成長試算'!M11+C92*'⑤ 成長試算'!M8+D92*'⑤ 成長試算'!M5) | K92: =IF('⑤ 成長試算'!M15="—","—",A92*'⑤ 成長試算'!M15+B92*'⑤ 成長試算'!M12+C92*'⑤ 成長試算'!M9+D92*'⑤ 成長試算'!M6) | L92: =IF('⑤ 成長試算'!M16="—","—",(A92*'⑤ 成長試算'!M16+B92*'⑤ 成長試算'!M13+C92*'⑤ 成長試算'!M10+D92*'⑤ 成長試算'!M7)/E92)
A93: 1 | B93: 1 | C93: 0 | D93: 1 | E93: 3 | F93: 11 | G93: =A93*'⑤ 成長試算'!D14+B93*'⑤ 成長試算'!D11+C93*'⑤ 成長試算'!D8+D93*'⑤ 成長試算'!D5 | H93: =A93*'⑤ 成長試算'!D15+B93*'⑤ 成長試算'!D12+C93*'⑤ 成長試算'!D9+D93*'⑤ 成長試算'!D6 | I93: =(A93*'⑤ 成長試算'!D16+B93*'⑤ 成長試算'!D13+C93*'⑤ 成長試算'!D10+D93*'⑤ 成長試算'!D7)/E93 | J93: =IF('⑤ 成長試算'!M14="—","—",A93*'⑤ 成長試算'!M14+B93*'⑤ 成長試算'!M11+C93*'⑤ 成長試算'!M8+D93*'⑤ 成長試算'!M5) | K93: =IF('⑤ 成長試算'!M15="—","—",A93*'⑤ 成長試算'!M15+B93*'⑤ 成長試算'!M12+C93*'⑤ 成長試算'!M9+D93*'⑤ 成長試算'!M6) | L93: =IF('⑤ 成長試算'!M16="—","—",(A93*'⑤ 成長試算'!M16+B93*'⑤ 成長試算'!M13+C93*'⑤ 成長試算'!M10+D93*'⑤ 成長試算'!M7)/E93)
A94: 1 | B94: 0 | C94: 2 | D94: 0 | E94: 3 | F94: 11 | G94: =A94*'⑤ 成長試算'!D14+B94*'⑤ 成長試算'!D11+C94*'⑤ 成長試算'!D8+D94*'⑤ 成長試算'!D5 | H94: =A94*'⑤ 成長試算'!D15+B94*'⑤ 成長試算'!D12+C94*'⑤ 成長試算'!D9+D94*'⑤ 成長試算'!D6 | I94: =(A94*'⑤ 成長試算'!D16+B94*'⑤ 成長試算'!D13+C94*'⑤ 成長試算'!D10+D94*'⑤ 成長試算'!D7)/E94 | J94: =IF('⑤ 成長試算'!M14="—","—",A94*'⑤ 成長試算'!M14+B94*'⑤ 成長試算'!M11+C94*'⑤ 成長試算'!M8+D94*'⑤ 成長試算'!M5) | K94: =IF('⑤ 成長試算'!M15="—","—",A94*'⑤ 成長試算'!M15+B94*'⑤ 成長試算'!M12+C94*'⑤ 成長試算'!M9+D94*'⑤ 成長試算'!M6) | L94: =IF('⑤ 成長試算'!M16="—","—",(A94*'⑤ 成長試算'!M16+B94*'⑤ 成長試算'!M13+C94*'⑤ 成長試算'!M10+D94*'⑤ 成長試算'!M7)/E94)
A95: 0 | B95: 2 | C95: 1 | D95: 0 | E95: 3 | F95: 11 | G95: =A95*'⑤ 成長試算'!D14+B95*'⑤ 成長試算'!D11+C95*'⑤ 成長試算'!D8+D95*'⑤ 成長試算'!D5 | H95: =A95*'⑤ 成長試算'!D15+B95*'⑤ 成長試算'!D12+C95*'⑤ 成長試算'!D9+D95*'⑤ 成長試算'!D6 | I95: =(A95*'⑤ 成長試算'!D16+B95*'⑤ 成長試算'!D13+C95*'⑤ 成長試算'!D10+D95*'⑤ 成長試算'!D7)/E95 | J95: =IF('⑤ 成長試算'!M14="—","—",A95*'⑤ 成長試算'!M14+B95*'⑤ 成長試算'!M11+C95*'⑤ 成長試算'!M8+D95*'⑤ 成長試算'!M5) | K95: =IF('⑤ 成長試算'!M15="—","—",A95*'⑤ 成長試算'!M15+B95*'⑤ 成長試算'!M12+C95*'⑤ 成長試算'!M9+D95*'⑤ 成長試算'!M6) | L95: =IF('⑤ 成長試算'!M16="—","—",(A95*'⑤ 成長試算'!M16+B95*'⑤ 成長試算'!M13+C95*'⑤ 成長試算'!M10+D95*'⑤ 成長試算'!M7)/E95)
A96: 1 | B96: 0 | C96: 1 | D96: 1 | E96: 3 | F96: 10 | G96: =A96*'⑤ 成長試算'!D14+B96*'⑤ 成長試算'!D11+C96*'⑤ 成長試算'!D8+D96*'⑤ 成長試算'!D5 | H96: =A96*'⑤ 成長試算'!D15+B96*'⑤ 成長試算'!D12+C96*'⑤ 成長試算'!D9+D96*'⑤ 成長試算'!D6 | I96: =(A96*'⑤ 成長試算'!D16+B96*'⑤ 成長試算'!D13+C96*'⑤ 成長試算'!D10+D96*'⑤ 成長試算'!D7)/E96 | J96: =IF('⑤ 成長試算'!M14="—","—",A96*'⑤ 成長試算'!M14+B96*'⑤ 成長試算'!M11+C96*'⑤ 成長試算'!M8+D96*'⑤ 成長試算'!M5) | K96: =IF('⑤ 成長試算'!M15="—","—",A96*'⑤ 成長試算'!M15+B96*'⑤ 成長試算'!M12+C96*'⑤ 成長試算'!M9+D96*'⑤ 成長試算'!M6) | L96: =IF('⑤ 成長試算'!M16="—","—",(A96*'⑤ 成長試算'!M16+B96*'⑤ 成長試算'!M13+C96*'⑤ 成長試算'!M10+D96*'⑤ 成長試算'!M7)/E96)
A97: 0 | B97: 2 | C97: 0 | D97: 1 | E97: 3 | F97: 10 | G97: =A97*'⑤ 成長試算'!D14+B97*'⑤ 成長試算'!D11+C97*'⑤ 成長試算'!D8+D97*'⑤ 成長試算'!D5 | H97: =A97*'⑤ 成長試算'!D15+B97*'⑤ 成長試算'!D12+C97*'⑤ 成長試算'!D9+D97*'⑤ 成長試算'!D6 | I97: =(A97*'⑤ 成長試算'!D16+B97*'⑤ 成長試算'!D13+C97*'⑤ 成長試算'!D10+D97*'⑤ 成長試算'!D7)/E97 | J97: =IF('⑤ 成長試算'!M14="—","—",A97*'⑤ 成長試算'!M14+B97*'⑤ 成長試算'!M11+C97*'⑤ 成長試算'!M8+D97*'⑤ 成長試算'!M5) | K97: =IF('⑤ 成長試算'!M15="—","—",A97*'⑤ 成長試算'!M15+B97*'⑤ 成長試算'!M12+C97*'⑤ 成長試算'!M9+D97*'⑤ 成長試算'!M6) | L97: =IF('⑤ 成長試算'!M16="—","—",(A97*'⑤ 成長試算'!M16+B97*'⑤ 成長試算'!M13+C97*'⑤ 成長試算'!M10+D97*'⑤ 成長試算'!M7)/E97)
A98: 0 | B98: 1 | C98: 2 | D98: 0 | E98: 3 | F98: 10 | G98: =A98*'⑤ 成長試算'!D14+B98*'⑤ 成長試算'!D11+C98*'⑤ 成長試算'!D8+D98*'⑤ 成長試算'!D5 | H98: =A98*'⑤ 成長試算'!D15+B98*'⑤ 成長試算'!D12+C98*'⑤ 成長試算'!D9+D98*'⑤ 成長試算'!D6 | I98: =(A98*'⑤ 成長試算'!D16+B98*'⑤ 成長試算'!D13+C98*'⑤ 成長試算'!D10+D98*'⑤ 成長試算'!D7)/E98 | J98: =IF('⑤ 成長試算'!M14="—","—",A98*'⑤ 成長試算'!M14+B98*'⑤ 成長試算'!M11+C98*'⑤ 成長試算'!M8+D98*'⑤ 成長試算'!M5) | K98: =IF('⑤ 成長試算'!M15="—","—",A98*'⑤ 成長試算'!M15+B98*'⑤ 成長試算'!M12+C98*'⑤ 成長試算'!M9+D98*'⑤ 成長試算'!M6) | L98: =IF('⑤ 成長試算'!M16="—","—",(A98*'⑤ 成長試算'!M16+B98*'⑤ 成長試算'!M13+C98*'⑤ 成長試算'!M10+D98*'⑤ 成長試算'!M7)/E98)
A99: 1 | B99: 0 | C99: 0 | D99: 2 | E99: 3 | F99: 9 | G99: =A99*'⑤ 成長試算'!D14+B99*'⑤ 成長試算'!D11+C99*'⑤ 成長試算'!D8+D99*'⑤ 成長試算'!D5 | H99: =A99*'⑤ 成長試算'!D15+B99*'⑤ 成長試算'!D12+C99*'⑤ 成長試算'!D9+D99*'⑤ 成長試算'!D6 | I99: =(A99*'⑤ 成長試算'!D16+B99*'⑤ 成長試算'!D13+C99*'⑤ 成長試算'!D10+D99*'⑤ 成長試算'!D7)/E99 | J99: =IF('⑤ 成長試算'!M14="—","—",A99*'⑤ 成長試算'!M14+B99*'⑤ 成長試算'!M11+C99*'⑤ 成長試算'!M8+D99*'⑤ 成長試算'!M5) | K99: =IF('⑤ 成長試算'!M15="—","—",A99*'⑤ 成長試算'!M15+B99*'⑤ 成長試算'!M12+C99*'⑤ 成長試算'!M9+D99*'⑤ 成長試算'!M6) | L99: =IF('⑤ 成長試算'!M16="—","—",(A99*'⑤ 成長試算'!M16+B99*'⑤ 成長試算'!M13+C99*'⑤ 成長試算'!M10+D99*'⑤ 成長試算'!M7)/E99)
A100: 0 | B100: 1 | C100: 1 | D100: 1 | E100: 3 | F100: 9 | G100: =A100*'⑤ 成長試算'!D14+B100*'⑤ 成長試算'!D11+C100*'⑤ 成長試算'!D8+D100*'⑤ 成長試算'!D5 | H100: =A100*'⑤ 成長試算'!D15+B100*'⑤ 成長試算'!D12+C100*'⑤ 成長試算'!D9+D100*'⑤ 成長試算'!D6 | I100: =(A100*'⑤ 成長試算'!D16+B100*'⑤ 成長試算'!D13+C100*'⑤ 成長試算'!D10+D100*'⑤ 成長試算'!D7)/E100 | J100: =IF('⑤ 成長試算'!M14="—","—",A100*'⑤ 成長試算'!M14+B100*'⑤ 成長試算'!M11+C100*'⑤ 成長試算'!M8+D100*'⑤ 成長試算'!M5) | K100: =IF('⑤ 成長試算'!M15="—","—",A100*'⑤ 成長試算'!M15+B100*'⑤ 成長試算'!M12+C100*'⑤ 成長試算'!M9+D100*'⑤ 成長試算'!M6) | L100: =IF('⑤ 成長試算'!M16="—","—",(A100*'⑤ 成長試算'!M16+B100*'⑤ 成長試算'!M13+C100*'⑤ 成長試算'!M10+D100*'⑤ 成長試算'!M7)/E100)
A101: 0 | B101: 0 | C101: 3 | D101: 0 | E101: 3 | F101: 9 | G101: =A101*'⑤ 成長試算'!D14+B101*'⑤ 成長試算'!D11+C101*'⑤ 成長試算'!D8+D101*'⑤ 成長試算'!D5 | H101: =A101*'⑤ 成長試算'!D15+B101*'⑤ 成長試算'!D12+C101*'⑤ 成長試算'!D9+D101*'⑤ 成長試算'!D6 | I101: =(A101*'⑤ 成長試算'!D16+B101*'⑤ 成長試算'!D13+C101*'⑤ 成長試算'!D10+D101*'⑤ 成長試算'!D7)/E101 | J101: =IF('⑤ 成長試算'!M14="—","—",A101*'⑤ 成長試算'!M14+B101*'⑤ 成長試算'!M11+C101*'⑤ 成長試算'!M8+D101*'⑤ 成長試算'!M5) | K101: =IF('⑤ 成長試算'!M15="—","—",A101*'⑤ 成長試算'!M15+B101*'⑤ 成長試算'!M12+C101*'⑤ 成長試算'!M9+D101*'⑤ 成長試算'!M6) | L101: =IF('⑤ 成長試算'!M16="—","—",(A101*'⑤ 成長試算'!M16+B101*'⑤ 成長試算'!M13+C101*'⑤ 成長試算'!M10+D101*'⑤ 成長試算'!M7)/E101)
...

Sheet ⑦ AIプロンプト
A1: ⑦ AIプロンプト — 生成AIに戦闘シミュレーションを頼むための文章
A2: 下のB6セルをコピーして、そのままAIに貼り付けてください。③パラメータの値が入ります。
B4: ■ コピーする文章（③パラメータの現在値が自動で入ります）
B6: ="あなたはゲームバランス設計の専門家です。"&CHAR(10)&"Discord上で動く対戦ゲーム「ラグナオンライン」のバランスを見てください。"&CHAR(10)&CHAR(10)&"【ゲームの仕組み】"&CHAR(10)&"・ギルド同士が使い魔を出し合って戦うターン制バトルです。"&CHAR(10)&"・使い魔にはC/B/A/Sのランクがあり、COSTはC=2 B=3 A=4 S=5です。"&CHAR(10)&"・編成は合計COSTの上限内で組みます。SPDの高い順に行動します。"&CHAR(10)&"・同じ使い魔を合成するとレベルが上がり、HPとATKが伸びます。"&CHAR(10)&"・スキルの効果量はATKや最大HPに対する割合で決まるため、"&CHAR(10)&" 能力値を上げるとスキルの威力も一緒に上がります。"&CHAR(10)&CHAR(10)&"【パラメータ】"&CHAR(10)&"・使い魔の数: C="&'③ パラメータ'!C5&"体 B="&'③ パラメータ'!C6&"体 A="&'③ パラメータ'!C7&"体 S="&'③ パラメータ'!C8&"体"&CHAR(10)&"・排出率(単発): C="&'③ パラメータ'!C13/10&"% B="&'③ パラメータ'!C14/10&"% A="&'③ パラメータ'!C15/10&"% S="&'③ パラメータ'!C16/10&"%"&CHAR(10)&"・最大レベル: Lv"&'③ パラメータ'!C32&"（1レベルにつき同じ使い魔"&'③ パラメータ'!C33&"体が必要）"&CHAR(10)&"・成長のしかた: "&'③ パラメータ'!C34&CHAR(10)&"・合成1回の成長量: C(HP"&'③ パラメータ'!B25&"/ATK"&'③ パラメータ'!C25&") B(HP"&'③ パラメータ'!B26&"/ATK"&'③ パラメータ'!C26&") A(HP"&'③ パラメータ'!B27&"/ATK"&'③ パラメータ'!C27&") S(HP"&'③ パラメータ'!B28&"/ATK"&'③ パラメータ'!C28&")"&CHAR(10)&" （率の場合: C="&'③ パラメータ'!D25*100&"% B="&'③ パラメータ'!D26*100&"% A="&'③ パラメータ'!D27*100&"% S="&'③ パラメータ'!D28*100&"%）"&CHAR(10)&"・ガチャ単発費用: "&TEXT('③ パラメータ'!C21,"#,##0")&" coin"&CHAR(10)&"・合計COST上限: "&'③ パラメータ'!C51&"／出場"&'③ パラメータ'!C52&"体"&CHAR(10)&CHAR(10)&"【お願いしたいこと】"&CHAR(10)&"1. この設定で、どのランクの使い魔が有利になるか教えてください。"&CHAR(10)&"2. 合計COST上限の中で、一番強い編成の組み方は何になりますか。"&CHAR(10)&" （高COSTを少数か、低COSTを多数か、どちらが有利になるか）"&CHAR(10)&"3. 壊れている（強すぎる・弱すぎる）ところがあれば指摘してください。"&CHAR(10)&"4. 直すとしたら、どのパラメータをいくつにするのが良いか提案してください。"&CHAR(10)&CHAR(10)&"【答え方】"&CHAR(10)&"・数字の根拠を必ず示してください。"&CHAR(10)&"・「なんとなく強い」ではなく、何ターンで倒せるかなどで比べてください。"&CHAR(10)&"・日本語で、専門用語を使わずに説明してください。"
B8: ■ 使い魔のデータも渡したいとき
B9: ②使い魔一覧のシートをコピーして、上の文章のあとに貼り付けてください。
B10: 50体ぶんの能力値とスキルが渡るので、より細かく見てもらえます。
B12: ■ 結果をシートに戻すとき
B13: AIの提案した数値を③パラメータの「試す値」列に入れると、
B14: ④ガチャ試算・⑤成長試算・⑥デッキ試算がその場で計算し直されます。
B15: 見比べて良さそうなら教えてください。data/master/*.json へ反映します。
